period_start,trading_end,Long,Short,distance,return_diff_entry,return_diff_exit,trigger,return,date_entry,date_exit,exit_reason,days_in_trade
2023-01-03,2024-05-31,FE,CMS,0.08724868675669689,0.04241758672754248,0.03128539415522913,0.031382486289844275,-0.005593685812794957,2024-01-11 05:00:00+00:00,2024-01-16 05:00:00+00:00,Convergence,2
2023-01-03,2024-05-31,FE,CMS,0.08724868675669689,0.03241293663496547,0.0252651191440888,0.031382486289844275,-0.0033592845249984515,2024-01-17 05:00:00+00:00,2024-01-22 05:00:00+00:00,Convergence,3
2023-01-03,2024-05-31,FE,CMS,0.08724868675669689,0.05312936675161262,0.027950535942494636,0.031382486289844275,-0.01283193537008298,2024-02-09 05:00:00+00:00,2024-02-23 05:00:00+00:00,Convergence,9
2023-01-03,2024-05-31,FE,CMS,0.08724868675669689,0.03466104146448379,0.031195015066211473,0.031382486289844275,-0.0018065133232733066,2024-03-14 04:00:00+00:00,2024-03-21 04:00:00+00:00,Convergence,5
2023-01-03,2024-05-31,FE,CMS,0.08724868675669689,0.03840164121879086,0.029122649689253266,0.031382486289844275,-0.004339520119670759,2024-03-25 04:00:00+00:00,2024-03-26 04:00:00+00:00,Convergence,1
2023-01-03,2024-05-31,FE,CMS,0.08724868675669689,0.032349855236490366,0.030831877971904675,0.031382486289844275,-0.0006609444826077837,2024-04-10 04:00:00+00:00,2024-04-11 04:00:00+00:00,Convergence,1
2023-01-03,2024-05-31,CMS,DTE,0.09431882052468192,-0.03759381829094777,-0.035070574012224465,0.03619856464293661,-0.0014276281974170413,2024-04-16 04:00:00+00:00,2024-04-18 04:00:00+00:00,Convergence,2
2023-01-03,2024-05-31,CMS,DTE,0.09431882052468192,-0.03669382586512082,-0.03149182601850775,0.03619856464293661,-0.002638724673470927,2024-04-30 04:00:00+00:00,2024-05-01 04:00:00+00:00,Convergence,1
2023-01-03,2024-05-31,CMS,DTE,0.09431882052468192,-0.03685974175451334,-0.03316875303862776,0.03619856464293661,-0.001878971844970767,2024-05-07 04:00:00+00:00,2024-05-08 04:00:00+00:00,Convergence,1
2023-01-03,2024-05-31,CMS,DTE,0.09431882052468192,-0.03677226004891332,-0.03564686440645448,0.03619856464293661,-0.0006987720671995934,2024-05-29 04:00:00+00:00,2024-05-30 04:00:00+00:00,End of Period,1
2023-01-03,2024-05-31,CPT,MAA,0.10721964030593482,-0.04044735608239147,-0.0352472259582699,0.03527502886016616,-0.0027254021935665396,2024-04-08 04:00:00+00:00,2024-04-09 04:00:00+00:00,Convergence,1
2023-01-03,2024-05-31,CPT,MAA,0.10721964030593482,-0.05691831949361292,-0.032794611916320715,0.03527502886016616,-0.011770412965311228,2024-05-03 04:00:00+00:00,2024-05-20 04:00:00+00:00,Convergence,11
2023-01-03,2024-05-31,CPT,MAA,0.10721964030593482,-0.03902910025584738,-0.03148968253170792,0.03527502886016616,-0.0008043498855663245,2024-05-21 04:00:00+00:00,2024-05-29 04:00:00+00:00,Convergence,5
2023-01-03,2024-05-31,FE,PPL,0.10867488797962294,0.041566339639305894,0.0374772262476708,0.041545346025164756,-0.0017406840810901825,2024-01-12 05:00:00+00:00,2024-01-16 05:00:00+00:00,Convergence,1
2023-01-03,2024-05-31,FE,PPL,0.10867488797962294,0.04967957080089369,0.03674256110405483,0.041545346025164756,-0.005863996235448865,2024-01-18 05:00:00+00:00,2024-01-24 05:00:00+00:00,Convergence,4
2023-01-03,2024-05-31,FE,PPL,0.10867488797962294,0.06862993071286705,0.03273599633804436,0.041545346025164756,-0.01838358899542747,2024-02-09 05:00:00+00:00,2024-02-22 05:00:00+00:00,Convergence,8
2023-01-03,2024-05-31,FE,PPL,0.10867488797962294,0.04246950261489335,0.031523881440413626,0.041545346025164756,-0.005586491611096145,2024-02-28 05:00:00+00:00,2024-02-29 05:00:00+00:00,Convergence,1
2023-01-03,2024-05-31,FE,PPL,0.10867488797962294,0.04184969177823317,0.03665327776625371,0.041545346025164756,-0.002176050650732453,2024-03-11 04:00:00+00:00,2024-03-12 04:00:00+00:00,Convergence,1
2023-01-03,2024-05-31,FE,PPL,0.10867488797962294,0.0526482126840766,0.039435153165381265,0.041545346025164756,-0.006733167185942857,2024-03-14 04:00:00+00:00,2024-03-22 04:00:00+00:00,Convergence,6
2023-01-03,2024-05-31,FE,PPL,0.10867488797962294,0.044225775355660635,0.033716875479585795,0.041545346025164756,-0.005261205669465863,2024-03-25 04:00:00+00:00,2024-03-27 04:00:00+00:00,Convergence,2
2023-01-03,2024-05-31,FE,PPL,0.10867488797962294,0.043105502345583746,0.04063289156755567,0.041545346025164756,-0.0013533356344417324,2024-04-17 04:00:00+00:00,2024-04-18 04:00:00+00:00,Convergence,1
2023-01-03,2024-05-31,CMS,PPL,0.1146863169066496,-0.04079884161434855,-0.0331358462436907,0.03944697907907787,-0.004081270383407776,2024-03-01 05:00:00+00:00,2024-03-04 05:00:00+00:00,Convergence,1
2023-01-03,2024-05-31,CMS,PPL,0.1146863169066496,-0.05180723937796439,-0.03748701800728527,0.03944697907907787,-0.007181266575716383,2024-03-06 05:00:00+00:00,2024-03-07 05:00:00+00:00,Convergence,1
2023-01-03,2024-05-31,ED,CNP,0.1149701225019168,-0.04275905505538358,-0.037307615250307125,0.04031021331100451,-0.002720289044126245,2024-05-08 04:00:00+00:00,2024-05-09 04:00:00+00:00,Convergence,1
2023-01-03,2024-05-31,AEP,XEL,0.12359402073441764,0.05964810069847082,0.1763177217422638,0.040044962826644194,0.06823779183726564,2024-02-15 05:00:00+00:00,2024-03-22 04:00:00+00:00,Time Limit Reached (25 days),25
2023-01-03,2024-05-31,AEP,XEL,0.12359402073441764,0.17200067461832624,0.19052172116059207,0.040044962826644194,0.007433783884444711,2024-03-25 04:00:00+00:00,2024-04-30 04:00:00+00:00,Time Limit Reached (25 days),25
2023-01-03,2024-05-31,AEP,XEL,0.12359402073441764,0.2155059083394527,0.2175455584180257,0.040044962826644194,-8.039309354446189e-06,2024-05-01 04:00:00+00:00,2024-05-30 04:00:00+00:00,End of Period,20
2023-01-03,2024-05-31,KO,LNT,0.12467298008141937,0.047945979880652745,0.07564108320341612,0.04353276980876338,0.014054324195308165,2024-01-17 05:00:00+00:00,2024-02-22 05:00:00+00:00,Time Limit Reached (25 days),25
2023-01-03,2024-05-31,KO,LNT,0.12467298008141937,0.0751144275514658,0.042081278944761324,0.04353276980876338,-0.0163387724155859,2024-02-23 05:00:00+00:00,2024-03-06 05:00:00+00:00,Convergence,8
2023-01-03,2024-05-31,KO,LNT,0.12467298008141937,0.0620499100800338,0.04088365100668945,0.04353276980876338,-0.010923535944502905,2024-03-12 04:00:00+00:00,2024-04-02 04:00:00+00:00,Convergence,14
2023-01-03,2024-05-31,KO,LNT,0.12467298008141937,0.045613405840341126,0.04291151370699742,0.04353276980876338,-0.0011725383277547685,2024-04-03 04:00:00+00:00,2024-04-04 04:00:00+00:00,Convergence,1
2023-01-03,2024-05-31,KO,LNT,0.12467298008141937,0.05190037455861063,0.03617717500831297,0.04353276980876338,-0.008083181642638992,2024-04-05 04:00:00+00:00,2024-04-08 04:00:00+00:00,Convergence,1
2023-01-03,2024-05-31,KO,LNT,0.12467298008141937,0.04526757191455322,0.04341979397393858,0.04353276980876338,-0.0007944586607167015,2024-04-10 04:00:00+00:00,2024-04-17 04:00:00+00:00,Convergence,5
2023-01-03,2024-05-31,KO,LNT,0.12467298008141937,0.044140342484701334,0.043374758195348306,0.04353276980876338,-0.00032594154619913773,2024-04-19 04:00:00+00:00,2024-05-09 04:00:00+00:00,Convergence,14
2023-01-03,2024-05-31,KO,LNT,0.12467298008141937,0.05705047333503677,0.04188728270141118,0.04353276980876338,-0.007374892688260415,2024-05-10 04:00:00+00:00,2024-05-15 04:00:00+00:00,Convergence,3
2023-01-03,2024-05-31,KO,LNT,0.12467298008141937,0.04548214553993102,0.040595395841572124,0.04353276980876338,-0.0022900005988681915,2024-05-16 04:00:00+00:00,2024-05-17 04:00:00+00:00,Convergence,1
2023-01-03,2024-05-31,KO,LNT,0.12467298008141937,0.05581420566467732,0.058310127361553166,0.04353276980876338,0.0018931675025808392,2024-05-22 04:00:00+00:00,2024-05-30 04:00:00+00:00,End of Period,5
2023-01-03,2024-05-31,AEE,WEC,0.13204276884615246,0.03641391858150267,0.032652962785069906,0.033723740516959304,-0.002091852439034425,2024-02-21 05:00:00+00:00,2024-03-07 05:00:00+00:00,Convergence,11
2023-01-03,2024-05-31,AEE,WEC,0.13204276884615246,0.03391545739440027,0.03223565325908817,0.033723740516959304,-0.0002627937567957206,2024-03-11 04:00:00+00:00,2024-03-14 04:00:00+00:00,Convergence,3
2023-01-03,2024-05-31,AEE,WEC,0.13204276884615246,0.03493141558861412,0.05130240057002311,0.033723740516959304,0.008164698702388007,2024-03-19 04:00:00+00:00,2024-04-24 04:00:00+00:00,Time Limit Reached (25 days),25
2023-01-03,2024-05-31,AEE,WEC,0.13204276884615246,0.04987663548330168,0.032477948162734416,0.033723740516959304,-0.008758921200790137,2024-04-25 04:00:00+00:00,2024-05-07 04:00:00+00:00,Convergence,8
2023-01-03,2024-05-31,NI,CNP,0.13566775298861974,-0.041601493590889826,-0.03212341559812937,0.038973423903742005,-0.004556038952151953,2024-03-21 04:00:00+00:00,2024-04-25 04:00:00+00:00,Convergence,24
2023-01-03,2024-05-31,NI,CNP,0.13566775298861974,-0.04315425821495644,-0.038801897112700434,0.038973423903742005,-0.002266213355593072,2024-04-26 04:00:00+00:00,2024-04-29 04:00:00+00:00,Convergence,1
2023-01-03,2024-05-31,NI,CNP,0.13566775298861974,-0.040069526439643566,-0.03416999138056798,0.038973423903742005,-0.00297436574928156,2024-04-30 04:00:00+00:00,2024-05-23 04:00:00+00:00,Convergence,17
2023-01-03,2024-05-31,ETR,CMS,0.14004921265435824,0.045205264547445445,0.043646820107311024,0.04469592414958477,0.00037184887178964843,2024-05-20 04:00:00+00:00,2024-05-23 04:00:00+00:00,Convergence,3
2023-01-03,2024-05-31,EVRG,AWK,0.15575434491659818,-0.050273872190841784,-0.04121260619871325,0.04854154079086962,-0.004361493367093794,2024-02-23 05:00:00+00:00,2024-02-26 05:00:00+00:00,Convergence,1
2023-01-03,2024-05-31,EVRG,AWK,0.15575434491659818,-0.05035517035787118,-0.04358568046010214,0.04854154079086962,-0.003574766006259389,2024-02-27 05:00:00+00:00,2024-02-28 05:00:00+00:00,Convergence,1
2023-01-03,2024-05-31,EVRG,AWK,0.15575434491659818,-0.06769642214790228,-0.087481067467029,0.04854154079086962,0.011047140651209375,2024-03-07 05:00:00+00:00,2024-04-12 04:00:00+00:00,Time Limit Reached (25 days),25
2023-01-03,2024-05-31,EVRG,AWK,0.15575434491659818,-0.0813120883195908,-0.041470923015788586,0.04854154079086962,-0.01935561844310918,2024-04-15 04:00:00+00:00,2024-05-06 04:00:00+00:00,Convergence,15
2023-01-03,2024-05-31,EVRG,AWK,0.15575434491659818,-0.048739960502759194,-0.03821334000022758,0.04854154079086962,-0.004820108197586048,2024-05-21 04:00:00+00:00,2024-05-22 04:00:00+00:00,Convergence,1
2023-01-03,2024-05-31,EVRG,AWK,0.15575434491659818,-0.049811614273799765,-0.06508775681642631,0.04854154079086962,0.008062513625453516,2024-05-23 04:00:00+00:00,2024-05-30 04:00:00+00:00,End of Period,4
2023-01-03,2024-05-31,FE,DTE,0.16081426491820905,-0.05197347686676945,-0.049254461423504536,0.050347441321783565,-0.000967553333660609,2024-01-12 05:00:00+00:00,2024-01-16 05:00:00+00:00,Convergence,1
2023-01-03,2024-05-31,FE,DTE,0.16081426491820905,-0.05226204652934796,-0.04704716754500249,0.050347441321783565,-0.0022356137855576996,2024-01-17 05:00:00+00:00,2024-01-23 05:00:00+00:00,Convergence,4
2023-01-03,2024-05-31,FE,DTE,0.16081426491820905,-0.05428857950308774,-0.04731127915401423,0.050347441321783565,-0.0037149743678828173,2024-01-29 05:00:00+00:00,2024-01-30 05:00:00+00:00,Convergence,1
2023-01-03,2024-05-31,FE,DTE,0.16081426491820905,-0.07478119198378674,-0.04444626579008604,0.050347441321783565,-0.015722797521826704,2024-02-09 05:00:00+00:00,2024-02-15 05:00:00+00:00,Convergence,4
2023-01-03,2024-05-31,FE,DTE,0.16081426491820905,-0.05115703260282445,-0.04106637285662096,0.050347441321783565,-0.005252315810318375,2024-02-22 05:00:00+00:00,2024-02-23 05:00:00+00:00,Convergence,1
2023-01-03,2024-05-31,FE,DTE,0.16081426491820905,-0.05816607914611649,-0.03485838057750268,0.050347441321783565,-0.01163459098669084,2024-03-25 04:00:00+00:00,2024-03-27 04:00:00+00:00,Convergence,2
2023-01-03,2024-05-31,FE,DTE,0.16081426491820905,-0.06018005068902743,-0.03875511730318404,0.050347441321783565,-0.010911947549127277,2024-04-10 04:00:00+00:00,2024-04-22 04:00:00+00:00,Convergence,8
2023-01-03,2024-05-31,FE,DTE,0.16081426491820905,-0.052154538814162654,-0.04288097010183334,0.050347441321783565,-0.0045329083894203315,2024-05-07 04:00:00+00:00,2024-05-08 04:00:00+00:00,Convergence,1
2023-01-03,2024-05-31,FE,DTE,0.16081426491820905,-0.0525452056759006,-0.04487085175456795,0.050347441321783565,-0.003793898009167851,2024-05-14 04:00:00+00:00,2024-05-16 04:00:00+00:00,Convergence,2
2023-01-03,2024-05-31,FE,DTE,0.16081426491820905,-0.05165667874471547,-0.04519742946321892,0.050347441321783565,-0.0023587950894201626,2024-05-22 04:00:00+00:00,2024-05-24 04:00:00+00:00,Convergence,2
2023-01-03,2024-05-31,FE,DTE,0.16081426491820905,-0.05114140488288954,-0.04764089257456816,0.050347441321783565,-0.0019242515777457836,2024-05-29 04:00:00+00:00,2024-05-30 04:00:00+00:00,End of Period,1
2023-01-03,2024-05-31,CMS,LNT,0.16787768325323785,0.035543901555718405,0.05533059442081434,0.03518309354875299,0.0098941861884283,2024-02-23 05:00:00+00:00,2024-04-01 04:00:00+00:00,Time Limit Reached (25 days),25
2023-01-03,2024-05-31,CMS,LNT,0.16787768325323785,0.05326539972492883,0.05555934197164514,0.03518309354875299,0.0007896164953771212,2024-04-02 04:00:00+00:00,2024-05-07 04:00:00+00:00,Time Limit Reached (25 days),25
2023-01-03,2024-05-31,CMS,LNT,0.16787768325323785,0.06285051239952044,0.06808354684805362,0.03518309354875299,0.0032638238266868846,2024-05-08 04:00:00+00:00,2024-05-30 04:00:00+00:00,End of Period,15
2023-01-03,2024-05-31,CTAS,ROP,0.17104014297770462,0.052764298423739975,0.047463010313360865,0.0518521092564508,-0.0026339639917676294,2024-03-05 05:00:00+00:00,2024-03-06 05:00:00+00:00,Convergence,1
2023-01-03,2024-05-31,CTAS,ROP,0.17104014297770462,0.11324246631551937,0.16299463585909013,0.0518521092564508,0.029554024651382793,2024-03-27 04:00:00+00:00,2024-05-02 04:00:00+00:00,Time Limit Reached (25 days),25
2023-01-03,2024-05-31,CTAS,ROP,0.17104014297770462,0.17090068223188626,0.147397534286817,0.0518521092564508,-0.011491899694486052,2024-05-03 04:00:00+00:00,2024-05-30 04:00:00+00:00,End of Period,18
2023-01-03,2024-05-31,MO,NI,0.17320581480410374,0.0790854521807709,0.04318311926014373,0.05233838566403858,-0.017515692331667276,2024-03-14 04:00:00+00:00,2024-03-22 04:00:00+00:00,Convergence,6
2023-01-03,2024-05-31,MO,NI,0.17320581480410374,0.06187479952564723,0.060733332028537035,0.05233838566403858,-0.00040407258399688395,2024-05-23 04:00:00+00:00,2024-05-30 04:00:00+00:00,End of Period,4
2023-01-03,2024-05-31,KHC,AEP,0.1732482295112473,-0.053091252541816014,-0.047659581626498415,0.05134531211872414,-0.0029181366687275334,2024-02-05 05:00:00+00:00,2024-02-06 05:00:00+00:00,Convergence,1
2023-01-03,2024-05-31,AEP,KHC,0.1732482295112473,0.06213042294480642,0.04912408087723796,0.05134531211872414,-0.007296183107766918,2024-02-14 05:00:00+00:00,2024-02-20 05:00:00+00:00,Convergence,3
2023-01-03,2024-05-31,AEP,KHC,0.1732482295112473,0.05693585552679581,0.03886718020121471,0.05134531211872414,-0.00893659633349242,2024-02-23 05:00:00+00:00,2024-02-26 05:00:00+00:00,Convergence,1
2023-01-03,2024-05-31,AEP,KHC,0.1732482295112473,0.08319416968126703,0.04777049786214127,0.05134531211872414,-0.01798675329953403,2024-02-27 05:00:00+00:00,2024-03-25 04:00:00+00:00,Convergence,19
2023-01-03,2024-05-31,AEP,KHC,0.1732482295112473,0.061953772982609845,0.044972714047773255,0.05134531211872414,-0.008565641343618258,2024-03-27 04:00:00+00:00,2024-04-01 04:00:00+00:00,Convergence,2
2023-01-03,2024-05-31,AEP,KHC,0.1732482295112473,0.10932489728965067,0.16321291553621475,0.05134531211872414,0.0284833330562142,2024-05-01 04:00:00+00:00,2024-05-30 04:00:00+00:00,End of Period,20
2023-01-03,2024-05-31,LH,REG,0.17982286009584378,0.05763939809513996,0.04625974171988223,0.05095247221508801,-0.00600083155211828,2024-01-18 05:00:00+00:00,2024-01-19 05:00:00+00:00,Convergence,1
2023-01-03,2024-05-31,LH,REG,0.17982286009584378,0.05176976844477843,0.033714894096792625,0.05095247221508801,-0.00917197864372854,2024-02-09 05:00:00+00:00,2024-02-16 05:00:00+00:00,Convergence,5
2023-01-03,2024-05-31,MDLZ,MNST,0.1843251079182054,0.05926423909472789,0.046917983663810614,0.050773758311971055,-0.006470554390482164,2024-01-23 05:00:00+00:00,2024-02-07 05:00:00+00:00,Convergence,11
2023-01-03,2024-05-31,MDLZ,MNST,0.1843251079182054,0.058342138472367466,0.04153605872724053,0.050773758311971055,-0.008659856375398789,2024-02-21 05:00:00+00:00,2024-02-26 05:00:00+00:00,Convergence,3
2023-01-03,2024-05-31,MNST,MDLZ,0.1843251079182054,-0.051944943508021035,-0.03701994748838622,0.050773758311971055,-0.007599203215003847,2024-03-07 05:00:00+00:00,2024-03-08 05:00:00+00:00,Convergence,1
2023-01-03,2024-05-31,MNST,MDLZ,0.1843251079182054,-0.07039863329866913,-0.044092163460204836,0.050773758311971055,-0.01295584433622543,2024-03-13 04:00:00+00:00,2024-03-21 04:00:00+00:00,Convergence,6
2023-01-03,2024-05-31,MNST,MDLZ,0.1843251079182054,-0.0639217210497981,-0.03497916211145691,0.050773758311971055,-0.014356775898149987,2024-03-26 04:00:00+00:00,2024-04-01 04:00:00+00:00,Convergence,3
2023-01-03,2024-05-31,MDLZ,MNST,0.1843251079182054,0.057532360224693435,0.049377123066612905,0.050773758311971055,-0.0044189770190525834,2024-04-25 04:00:00+00:00,2024-05-01 04:00:00+00:00,Convergence,4
2023-01-03,2024-05-31,MDLZ,MNST,0.1843251079182054,0.05674921829627588,0.04700634702999318,0.050773758311971055,-0.004981773474753148,2024-05-16 04:00:00+00:00,2024-05-17 04:00:00+00:00,Convergence,1
2023-01-03,2024-05-31,MDLZ,MNST,0.1843251079182054,0.05169938311048827,0.05048300313997911,0.050773758311971055,-0.00047703843236535093,2024-05-21 04:00:00+00:00,2024-05-22 04:00:00+00:00,Convergence,1
2023-01-03,2024-05-31,MDLZ,MCD,0.18437098659933926,-0.0574467149072313,-0.04325292769302658,0.054155263348801545,-0.007079158620575177,2024-02-05 05:00:00+00:00,2024-02-07 05:00:00+00:00,Convergence,2
2023-01-03,2024-05-31,MDLZ,MCD,0.18437098659933926,-0.055784347696565595,-0.03404630668118003,0.054155263348801545,-0.01122035203878946,2024-04-30 04:00:00+00:00,2024-05-01 04:00:00+00:00,Convergence,1
2023-01-03,2024-05-31,MDLZ,MCD,0.18437098659933926,-0.06023425744288158,-0.05061476016848565,0.054155263348801545,-0.005088070409638323,2024-05-07 04:00:00+00:00,2024-05-08 04:00:00+00:00,Convergence,1
2023-01-03,2024-05-31,MDLZ,MCD,0.18437098659933926,-0.05915542852573219,-0.04466254608883635,0.054155263348801545,-0.0076517901201760274,2024-05-13 04:00:00+00:00,2024-05-15 04:00:00+00:00,Convergence,2
2023-01-03,2024-05-31,MDLZ,MCD,0.18437098659933926,-0.06261945930440438,-0.07159926165622366,0.054155263348801545,0.007772258735861959,2024-05-21 04:00:00+00:00,2024-05-30 04:00:00+00:00,End of Period,6
2023-01-03,2024-05-31,SYY,SRE,0.18738557768479122,0.05617583119828351,0.15831792946841916,0.05473071025833517,0.05131935522840991,2024-01-19 05:00:00+00:00,2024-02-26 05:00:00+00:00,Time Limit Reached (25 days),25
2023-01-03,2024-05-31,SYY,SRE,0.18738557768479122,0.1603978889034403,0.13725184985219885,0.05473071025833517,-0.011065193933905926,2024-02-27 05:00:00+00:00,2024-04-03 04:00:00+00:00,Time Limit Reached (25 days),25
2023-01-03,2024-05-31,SYY,SRE,0.18738557768479122,0.099505190213237,0.03709239475561321,0.05473071025833517,-0.030574569389546502,2024-04-04 04:00:00+00:00,2024-05-01 04:00:00+00:00,Convergence,19
2023-01-03,2024-05-31,SYY,SRE,0.18738557768479122,0.05563139446639187,0.047520773759464396,0.05473071025833517,-0.0042449154617059115,2024-05-03 04:00:00+00:00,2024-05-07 04:00:00+00:00,Convergence,2
2023-01-03,2024-05-31,PPL,XEL,0.18764904289222453,0.12840455924652394,0.14659665336880467,0.049232742336017446,0.008041175242656351,2024-02-29 05:00:00+00:00,2024-04-05 04:00:00+00:00,Time Limit Reached (25 days),25
2023-01-03,2024-05-31,PPL,XEL,0.18764904289222453,0.14371050039628563,0.18154047836092668,0.049232742336017446,0.01701554955208051,2024-04-08 04:00:00+00:00,2024-05-13 04:00:00+00:00,Time Limit Reached (25 days),25
2023-01-03,2024-05-31,PPL,XEL,0.18764904289222453,0.18657416755574263,0.18319828014552297,0.049232742336017446,0.0006225610306638263,2024-05-14 04:00:00+00:00,2024-05-30 04:00:00+00:00,End of Period,11
2023-01-03,2024-05-31,EXC,LNT,0.18965891981349248,0.062045190453289156,0.05326266357255005,0.05485576523247083,-0.004375983856190424,2024-02-27 05:00:00+00:00,2024-02-29 05:00:00+00:00,Convergence,2
2023-01-03,2024-05-31,EXC,LNT,0.18965891981349248,0.05839305752616486,0.07645023062277967,0.05485576523247083,0.00856336512072442,2024-03-04 05:00:00+00:00,2024-04-09 04:00:00+00:00,Time Limit Reached (25 days),25
2023-01-03,2024-05-31,EXC,LNT,0.18965891981349248,0.07534472006669968,0.050590252953979675,0.05485576523247083,-0.012694900674356746,2024-04-10 04:00:00+00:00,2024-05-02 04:00:00+00:00,Convergence,16
2023-01-03,2024-05-31,EXC,LNT,0.18965891981349248,0.05819141310468279,0.053776699204932,0.05485576523247083,-0.002368653435724233,2024-05-13 04:00:00+00:00,2024-05-21 04:00:00+00:00,Convergence,6
2023-01-03,2024-05-31,EXC,LNT,0.18965891981349248,0.05509488041871191,0.05354293055038284,0.05485576523247083,0.00012011899062747133,2024-05-22 04:00:00+00:00,2024-05-23 04:00:00+00:00,Convergence,1
2023-01-03,2024-05-31,KHC,XEL,0.19050088562460085,-0.0553779325814292,-0.03523231171873198,0.054670551630439594,-0.010284452488481532,2024-02-06 05:00:00+00:00,2024-02-07 05:00:00+00:00,Convergence,1
2023-01-03,2024-05-31,KHC,XEL,0.19050088562460085,-0.09534233850349094,-0.13085814352529923,0.054670551630439594,0.018154935755914536,2024-02-29 05:00:00+00:00,2024-04-05 04:00:00+00:00,Time Limit Reached (25 days),25
2023-01-03,2024-05-31,KHC,XEL,0.19050088562460085,-0.12183398973702475,-0.07910705712117638,0.054670551630439594,-0.023229793612685734,2024-04-08 04:00:00+00:00,2024-05-13 04:00:00+00:00,Time Limit Reached (25 days),25
2023-01-03,2024-05-31,KHC,XEL,0.19050088562460085,-0.07544664518183164,-0.049491189306185346,0.054670551630439594,-0.014128661444084312,2024-05-14 04:00:00+00:00,2024-05-21 04:00:00+00:00,Convergence,5
2023-01-03,2024-05-31,KHC,XEL,0.19050088562460085,-0.08112495216652327,-0.054332642881810944,0.054670551630439594,-0.0127310487214225,2024-05-22 04:00:00+00:00,2024-05-30 04:00:00+00:00,End of Period,5
2023-01-03,2024-05-31,NI,ED,0.1905418717889794,-0.04522861790562105,-0.031025377116657538,0.03787234151442741,-0.0072461471596675375,2024-03-21 04:00:00+00:00,2024-04-04 04:00:00+00:00,Convergence,9
2023-01-03,2024-05-31,NI,ED,0.1905418717889794,-0.03833603857917878,-0.027438617505751495,0.03787234151442741,-0.004701431524978483,2024-04-09 04:00:00+00:00,2024-04-15 04:00:00+00:00,Convergence,4
2023-01-03,2024-05-31,NI,ED,0.1905418717889794,-0.03846772297930656,-0.02874817581589173,0.03787234151442741,-0.005000773018203564,2024-04-16 04:00:00+00:00,2024-04-17 04:00:00+00:00,Convergence,1
2023-01-03,2024-05-31,NI,ED,0.1905418717889794,-0.04158456859543391,-0.031060385710225402,0.03787234151442741,-0.004727674494615419,2024-05-21 04:00:00+00:00,2024-05-22 04:00:00+00:00,Convergence,1
2023-01-03,2024-05-31,CMS,WEC,0.19799463419253033,0.0463463109393194,0.07069723319451293,0.04534083688702685,0.012074728669454249,2024-02-01 05:00:00+00:00,2024-03-08 05:00:00+00:00,Time Limit Reached (25 days),25
2023-01-03,2024-05-31,CMS,WEC,0.19799463419253033,0.06935873344473198,0.03964597250050739,0.04534083688702685,-0.013741363068177304,2024-03-11 04:00:00+00:00,2024-03-15 04:00:00+00:00,Convergence,4
2023-01-03,2024-05-31,CMS,WEC,0.19799463419253033,0.047126585188561276,0.059914191144336604,0.04534083688702685,0.006144266592173597,2024-03-19 04:00:00+00:00,2024-04-24 04:00:00+00:00,Time Limit Reached (25 days),25
2023-01-03,2024-05-31,CMS,WEC,0.19799463419253033,0.06121533041696703,0.1167399684687549,0.04534083688702685,0.028500721572999765,2024-04-25 04:00:00+00:00,2024-05-30 04:00:00+00:00,End of Period,24
2023-01-03,2024-05-31,CMS,AEE,0.20180520882566608,-0.05708860080276179,-0.056713025629523406,0.05678380720155698,-0.0002566925987020907,2024-05-08 04:00:00+00:00,2024-05-13 04:00:00+00:00,Convergence,3
2023-01-03,2024-05-31,CMS,AEE,0.20180520882566608,-0.06382419164061304,-0.07877749307363147,0.05678380720155698,0.009292814414335826,2024-05-16 04:00:00+00:00,2024-05-30 04:00:00+00:00,End of Period,9
2023-01-03,2024-05-31,ETR,PPL,0.20321441583623606,0.04729934192196561,0.04547766352256899,0.046996874484625015,-0.0010432188193729708,2024-04-17 04:00:00+00:00,2024-04-18 04:00:00+00:00,Convergence,1
2023-01-03,2024-05-31,ETR,PPL,0.20321441583623606,0.06056026457346686,0.044659057186300144,0.046996874484625015,-0.007845534140193067,2024-04-19 04:00:00+00:00,2024-04-24 04:00:00+00:00,Convergence,3
2023-01-03,2024-05-31,ETR,PPL,0.20321441583623606,0.057773693924174196,0.04578378501196645,0.046996874484625015,-0.005851308162628799,2024-04-25 04:00:00+00:00,2024-04-29 04:00:00+00:00,Convergence,2
2023-01-03,2024-05-31,ETR,PPL,0.20321441583623606,0.0549669379535449,0.04601296872981586,0.046996874484625015,-0.004395175870195667,2024-05-06 04:00:00+00:00,2024-05-10 04:00:00+00:00,Convergence,4
2023-01-03,2024-05-31,KO,ED,0.20438820357214235,-0.04547351208612027,-0.04261383898760196,0.044057762478498755,-0.001484187209235932,2024-02-13 05:00:00+00:00,2024-02-14 05:00:00+00:00,Convergence,1
2023-01-03,2024-05-31,KO,ED,0.20438820357214235,-0.058101528969543015,-0.026293385718907825,0.044057762478498755,-0.01602630377260117,2024-02-20 05:00:00+00:00,2024-03-04 05:00:00+00:00,Convergence,9
2023-01-03,2024-05-31,KO,ED,0.20438820357214235,-0.050942080752915175,-0.03754551333878997,0.044057762478498755,-0.0066419030970561455,2024-03-14 04:00:00+00:00,2024-03-15 04:00:00+00:00,Convergence,1
2023-01-03,2024-05-31,KO,ED,0.20438820357214235,-0.05111335748361667,-0.03902576332240093,0.044057762478498755,-0.006206606040713103,2024-03-20 04:00:00+00:00,2024-03-28 04:00:00+00:00,Convergence,6
2023-01-03,2024-05-31,ED,LNT,0.20590104013848587,0.03648344861087194,0.030781709178215877,0.03372985213908652,-0.00250577540294028,2024-01-31 05:00:00+00:00,2024-02-09 05:00:00+00:00,Convergence,7
2023-01-03,2024-05-31,ED,LNT,0.20590104013848587,0.03374872852199218,0.03221136283972259,0.03372985213908652,-0.0004970315901018374,2024-04-12 04:00:00+00:00,2024-04-16 04:00:00+00:00,Convergence,2
2023-01-03,2024-05-31,ED,LNT,0.20590104013848587,0.04414203261397276,0.03261920330291135,0.03372985213908652,-0.00607992642696753,2024-04-17 04:00:00+00:00,2024-04-19 04:00:00+00:00,Convergence,2
2023-01-03,2024-05-31,ED,LNT,0.20590104013848587,0.041742762965059854,0.04661555731333311,0.03372985213908652,0.002255877775557469,2024-04-22 04:00:00+00:00,2024-05-28 04:00:00+00:00,Time Limit Reached (25 days),25
2023-01-03,2024-05-31,ED,LNT,0.20590104013848587,0.04231876860176875,0.03254314212248022,0.03372985213908652,-0.005036869863042526,2024-05-29 04:00:00+00:00,2024-05-30 04:00:00+00:00,End of Period,1
2023-01-03,2024-05-31,DTE,HON,0.20617671076305583,0.05366714650865034,0.05087662704403173,0.05341097492569655,-0.00147846291854703,2024-04-22 04:00:00+00:00,2024-04-23 04:00:00+00:00,Convergence,1
2023-01-03,2024-05-31,DTE,HON,0.20617671076305583,0.07038338043057535,0.04778004155016624,0.05341097492569655,-0.011821909327963565,2024-04-24 04:00:00+00:00,2024-05-23 04:00:00+00:00,Convergence,21
2023-01-03,2024-05-31,DTE,HON,0.20617671076305583,0.05445789693454939,0.04915576966860957,0.05341097492569655,-0.002161065856749911,2024-05-24 04:00:00+00:00,2024-05-29 04:00:00+00:00,Convergence,2
2023-01-03,2024-05-31,CNP,SRE,0.2075451769398852,0.05100774036342681,0.04637804318753258,0.04844383263566445,-0.002495199136985926,2024-03-06 05:00:00+00:00,2024-03-08 05:00:00+00:00,Convergence,2
2023-01-03,2024-05-31,CNP,SRE,0.2075451769398852,0.06158974150997021,0.046033785681036554,0.04844383263566445,-0.007987169506045166,2024-04-16 04:00:00+00:00,2024-04-23 04:00:00+00:00,Convergence,5
2023-01-03,2024-05-31,CNP,SRE,0.2075451769398852,0.05092086806706819,0.04337973535279127,0.04844383263566445,-0.0040614030126520095,2024-04-24 04:00:00+00:00,2024-05-07 04:00:00+00:00,Convergence,9
2023-01-03,2024-05-31,FE,XEL,0.2088176743986523,0.05549333921656929,0.052365739021321356,0.054053362257332524,-0.0014969382388205776,2024-01-11 05:00:00+00:00,2024-01-16 05:00:00+00:00,Convergence,2
2023-01-03,2024-05-31,FE,XEL,0.2088176743986523,0.054090584894650795,0.19838619484056474,0.054053362257332524,0.0820400964753194,2024-02-08 05:00:00+00:00,2024-03-15 04:00:00+00:00,Time Limit Reached (25 days),25
2023-01-03,2024-05-31,FE,XEL,0.2088176743986523,0.20462163340598416,0.15074997327113815,0.054053362257332524,-0.030397976335448607,2024-03-18 04:00:00+00:00,2024-04-23 04:00:00+00:00,Time Limit Reached (25 days),25
2023-01-03,2024-05-31,FE,XEL,0.2088176743986523,0.15466242896248472,0.2009526207939505,0.054053362257332524,0.0238779375915128,2024-04-24 04:00:00+00:00,2024-05-30 04:00:00+00:00,End of Period,25
2023-01-03,2024-05-31,CAG,CPB,0.20890206303540776,0.08133508085236807,0.04602768949284042,0.05467050733072485,-0.01648824674005711,2024-04-05 04:00:00+00:00,2024-04-11 04:00:00+00:00,Convergence,4
2023-01-03,2024-05-31,ETR,LNT,0.21003211478747869,0.05394382187483926,0.05339154809050761,0.053440167467236545,-0.0006170732883641339,2024-02-22 05:00:00+00:00,2024-03-11 04:00:00+00:00,Convergence,12
2023-01-03,2024-05-31,ETR,LNT,0.21003211478747869,0.06353807777987641,0.0744902576555303,0.053440167467236545,0.005657619359902277,2024-03-12 04:00:00+00:00,2024-04-17 04:00:00+00:00,Time Limit Reached (25 days),25
2023-01-03,2024-05-31,ETR,LNT,0.21003211478747869,0.07183391538781037,0.1067731967165012,0.053440167467236545,0.016449796463484656,2024-04-18 04:00:00+00:00,2024-05-23 04:00:00+00:00,Time Limit Reached (25 days),25
2023-01-03,2024-05-31,ETR,LNT,0.21003211478747869,0.10536267235777608,0.08768797273904338,0.053440167467236545,-0.008323825640507376,2024-05-24 04:00:00+00:00,2024-05-30 04:00:00+00:00,End of Period,3
2023-01-03,2024-05-31,EXC,AEE,0.21335476856719254,-0.0517115520057112,-0.05289120495960098,0.049587396865833876,0.0023381626802072564,2024-05-13 04:00:00+00:00,2024-05-30 04:00:00+00:00,End of Period,12
2023-01-03,2024-05-31,ED,SRE,0.21474112985526408,0.0693993274417064,0.04025355555917032,0.05622887517677204,-0.011848750811300546,2024-04-15 04:00:00+00:00,2024-05-10 04:00:00+00:00,Convergence,19
2023-01-03,2024-05-31,KMI,REG,0.21560122169628348,0.056011317011709805,0.05297488950199636,0.054970669355220464,-0.001066311568488798,2024-01-08 05:00:00+00:00,2024-01-11 05:00:00+00:00,Convergence,3
2023-01-03,2024-05-31,KMI,REG,0.21560122169628348,0.06189013213661676,0.05100691865015583,0.054970669355220464,-0.004158540084835405,2024-01-12 05:00:00+00:00,2024-01-18 05:00:00+00:00,Convergence,3
2023-01-03,2024-05-31,KMI,REG,0.21560122169628348,0.06049204799848662,0.052653061476236496,0.054970669355220464,-0.003940372666258796,2024-02-12 05:00:00+00:00,2024-02-13 05:00:00+00:00,Convergence,1
2023-01-03,2024-05-31,KMI,REG,0.21560122169628348,0.05604886474827797,0.12607479208335104,0.054970669355220464,0.03666432106937467,2024-02-14 05:00:00+00:00,2024-03-21 04:00:00+00:00,Time Limit Reached (25 days),25
2023-01-03,2024-05-31,KMI,REG,0.21560122169628348,0.1439707149101369,0.19628986380243696,0.054970669355220464,0.025809983520292068,2024-03-22 04:00:00+00:00,2024-04-29 04:00:00+00:00,Time Limit Reached (25 days),25
2023-01-03,2024-05-31,KMI,REG,0.21560122169628348,0.17462515998409434,0.20333242552343644,0.054970669355220464,0.012454435924419194,2024-04-30 04:00:00+00:00,2024-05-30 04:00:00+00:00,End of Period,21
2023-01-03,2024-05-31,MCD,PCG,0.21621783599112782,0.0754606647723679,0.04263330273371202,0.058782651997220575,-0.016407564582964218,2024-01-19 05:00:00+00:00,2024-01-26 05:00:00+00:00,Convergence,5
2023-01-03,2024-05-31,MCD,PCG,0.21621783599112782,0.07759564223712778,0.05580701039210867,0.058782651997220575,-0.010097686615473833,2024-02-02 05:00:00+00:00,2024-02-05 05:00:00+00:00,Convergence,1
2023-01-03,2024-05-31,MCD,PCG,0.21621783599112782,0.08307361248502598,0.05207234400925087,0.058782651997220575,-0.016675255245401033,2024-02-08 05:00:00+00:00,2024-03-04 05:00:00+00:00,Convergence,16
2023-01-03,2024-05-31,MCD,PCG,0.21621783599112782,0.08020443333407457,0.049092674883518206,0.058782651997220575,-0.015630212450960523,2024-03-05 05:00:00+00:00,2024-03-13 04:00:00+00:00,Convergence,6
2023-01-03,2024-05-31,MCD,PCG,0.21621783599112782,0.06555644216237644,0.04969913718698249,0.058782651997220575,-0.008616582267500617,2024-03-20 04:00:00+00:00,2024-03-21 04:00:00+00:00,Convergence,1
2023-01-03,2024-05-31,PCG,MCD,0.21621783599112782,-0.06777940741486066,-0.0573504861790497,0.058782651997220575,-0.00583625579557201,2024-05-06 04:00:00+00:00,2024-05-10 04:00:00+00:00,Convergence,4
2023-01-03,2024-05-31,PCG,MCD,0.21621783599112782,-0.07202756609335681,-0.15993078163233754,0.058782651997220575,0.0496554417642705,2024-05-13 04:00:00+00:00,2024-05-30 04:00:00+00:00,End of Period,12
2023-01-03,2024-05-31,MTB,BAC,0.21798595310887675,-0.06096957292718641,-0.05332916317380498,0.05724524255328737,-0.003920179092565368,2024-01-22 05:00:00+00:00,2024-01-23 05:00:00+00:00,Convergence,1
2023-01-03,2024-05-31,BAC,MTB,0.21798595310887675,0.06857685620620768,0.044684821995705226,0.05724524255328737,-0.010552175367615657,2024-03-22 04:00:00+00:00,2024-04-15 04:00:00+00:00,Convergence,15
2023-01-03,2024-05-31,BAC,MTB,0.21798595310887675,0.05727042814821437,0.05112554308703676,0.05724524255328737,-0.0029566337410722454,2024-04-19 04:00:00+00:00,2024-04-30 04:00:00+00:00,Convergence,7
2023-01-03,2024-05-31,BAC,MTB,0.21798595310887675,0.06428089100338652,0.07405684148270653,0.05724524255328737,0.005803721919395155,2024-05-21 04:00:00+00:00,2024-05-30 04:00:00+00:00,End of Period,6
2023-01-03,2024-05-31,PM,SRE,0.22115642109953798,-0.0634340733304769,-0.05701117122256438,0.05796735320802942,-0.00291395493146529,2024-03-13 04:00:00+00:00,2024-03-14 04:00:00+00:00,Convergence,1
2023-01-03,2024-05-31,PM,SRE,0.22115642109953798,-0.06312911343504535,-0.056315404166382366,0.05796735320802942,-0.0038298808183780952,2024-03-15 04:00:00+00:00,2024-03-19 04:00:00+00:00,Convergence,2
2023-01-03,2024-05-31,PM,SRE,0.22115642109953798,-0.06520454350043581,-0.04793049542143113,0.05796735320802942,-0.008761723665668408,2024-03-20 04:00:00+00:00,2024-03-21 04:00:00+00:00,Convergence,1
2023-01-03,2024-05-31,PM,SRE,0.22115642109953798,-0.0659849402859588,-0.05708667264880285,0.05796735320802942,-0.005226411446999757,2024-04-16 04:00:00+00:00,2024-04-17 04:00:00+00:00,Convergence,1
2023-01-03,2024-05-31,PM,SRE,0.22115642109953798,-0.06245896166364873,-0.05156544303392674,0.05796735320802942,-0.005834485047296667,2024-04-19 04:00:00+00:00,2024-04-22 04:00:00+00:00,Convergence,1
2023-01-03,2024-05-31,PM,SRE,0.22115642109953798,-0.08457201202105102,-0.05260380536785292,0.05796735320802942,-0.015804126673142127,2024-04-23 04:00:00+00:00,2024-04-29 04:00:00+00:00,Convergence,4
2023-01-03,2024-05-31,PM,SRE,0.22115642109953798,-0.06176885575776392,-0.05032878945418873,0.05796735320802942,-0.006081370816985787,2024-05-01 04:00:00+00:00,2024-05-07 04:00:00+00:00,Convergence,4
2023-01-03,2024-05-31,PM,SRE,0.22115642109953798,-0.05883752737123826,-0.064554117709966,0.05796735320802942,0.0031171204579885092,2024-05-28 04:00:00+00:00,2024-05-30 04:00:00+00:00,End of Period,2
2023-01-03,2024-05-31,FE,AEE,0.22387882681622606,-0.08063677439556083,-0.05185267324893539,0.05550317768096798,-0.015033110628057011,2024-02-09 05:00:00+00:00,2024-02-22 05:00:00+00:00,Convergence,8
2023-01-03,2024-05-31,FE,AEE,0.22387882681622606,-0.05579948415542524,-0.05413745174771101,0.05550317768096798,-0.0004237140357394864,2024-03-21 04:00:00+00:00,2024-03-26 04:00:00+00:00,Convergence,3
2023-01-03,2024-05-31,FE,AEE,0.22387882681622606,-0.057084163574603775,-0.09077152124174515,0.05550317768096798,0.017224397822773962,2024-05-06 04:00:00+00:00,2024-05-30 04:00:00+00:00,End of Period,17
2023-01-03,2024-05-31,SO,ED,0.22471321715133755,-0.0633777409273324,-0.105445849195831,0.05990891882087762,0.020997835650980345,2024-05-15 04:00:00+00:00,2024-05-30 04:00:00+00:00,End of Period,10
2023-01-03,2024-05-31,FE,DUK,0.2257453396084314,-0.07158560154017146,-0.05374802189542782,0.059345376450414496,-0.009331497222126894,2024-02-09 05:00:00+00:00,2024-02-15 05:00:00+00:00,Convergence,4
2023-01-03,2024-05-31,FE,DUK,0.2257453396084314,-0.061145347652119986,-0.05403432707357825,0.059345376450414496,-0.0035357361450905067,2024-02-16 05:00:00+00:00,2024-02-20 05:00:00+00:00,Convergence,1
2023-01-03,2024-05-31,FE,DUK,0.2257453396084314,-0.06129707712862065,-0.05612659794657082,0.059345376450414496,-0.002207293020942691,2024-02-21 05:00:00+00:00,2024-02-22 05:00:00+00:00,Convergence,1
2023-01-03,2024-05-31,IEX,DHR,0.23019000220557428,-0.06453056046175676,-0.05226293413539196,0.06004689426719725,-0.005421278058147738,2024-03-21 04:00:00+00:00,2024-03-22 04:00:00+00:00,Convergence,1
2023-01-03,2024-05-31,IEX,DHR,0.23019000220557428,-0.07321461886974356,-0.054268561601987786,0.06004689426719725,-0.008153150802370002,2024-03-25 04:00:00+00:00,2024-04-10 04:00:00+00:00,Convergence,11
2023-01-03,2024-05-31,IEX,DHR,0.23019000220557428,-0.06158889290210556,-0.05322701330476165,0.06004689426719725,-0.003136026003855985,2024-04-11 04:00:00+00:00,2024-04-15 04:00:00+00:00,Convergence,2
2023-01-03,2024-05-31,IEX,DHR,0.23019000220557428,-0.06569273935218356,-0.004182001759928555,0.06004689426719725,-0.028465112139264948,2024-04-22 04:00:00+00:00,2024-04-23 04:00:00+00:00,Convergence,1
2023-01-03,2024-05-31,DHR,IEX,0.23019000220557428,0.0775891010556311,0.11754878295256665,0.06004689426719725,0.024270260500242724,2024-05-15 04:00:00+00:00,2024-05-30 04:00:00+00:00,End of Period,10
2023-01-03,2024-05-31,KMB,KO,0.23311395465091053,0.10096000057464627,0.053482761036851345,0.06094739113736948,-0.022201631665790478,2024-04-23 04:00:00+00:00,2024-05-13 04:00:00+00:00,Convergence,14
2023-01-03,2024-05-31,PM,LNT,0.2356341465149851,0.06348198728185639,0.04176355436789292,0.059134687862698494,-0.010626199065152164,2024-04-23 04:00:00+00:00,2024-04-25 04:00:00+00:00,Convergence,2
2023-01-03,2024-05-31,PM,LNT,0.2356341465149851,0.06656802628259917,0.0688078303766606,0.059134687862698494,0.001855725864560842,2024-05-22 04:00:00+00:00,2024-05-30 04:00:00+00:00,End of Period,5
2023-01-03,2024-05-31,ETR,WEC,0.23846880907949494,0.0664200219232034,0.05673001301237113,0.05916208313795016,-0.00504851803074402,2024-02-05 05:00:00+00:00,2024-02-07 05:00:00+00:00,Convergence,2
2023-01-03,2024-05-31,ETR,WEC,0.23846880907949494,0.0632678436825812,0.05863085972416482,0.05916208313795016,-0.0025746698328403816,2024-02-08 05:00:00+00:00,2024-03-07 05:00:00+00:00,Convergence,19
2023-01-03,2024-05-31,ETR,WEC,0.23846880907949494,0.06213507935356788,0.05731548981261658,0.05916208313795016,-0.002509544429035948,2024-03-08 05:00:00+00:00,2024-03-11 04:00:00+00:00,Convergence,1
2023-01-03,2024-05-31,ETR,WEC,0.23846880907949494,0.06426405597000329,0.05897429737010851,0.05916208313795016,-0.00251719712207521,2024-03-12 04:00:00+00:00,2024-03-15 04:00:00+00:00,Convergence,3
2023-01-03,2024-05-31,ETR,WEC,0.23846880907949494,0.06257012651301075,0.09660297459583633,0.05916208313795016,0.016534249272322388,2024-03-18 04:00:00+00:00,2024-04-23 04:00:00+00:00,Time Limit Reached (25 days),25
2023-01-03,2024-05-31,ETR,WEC,0.23846880907949494,0.08166172599395694,0.13634439435974466,0.05916208313795016,0.027783534536512278,2024-04-24 04:00:00+00:00,2024-05-30 04:00:00+00:00,End of Period,25
2023-01-03,2024-05-31,IEX,KDP,0.24047676355662045,-0.06228022036304026,-0.23382198496187978,0.06133165136539194,0.09053698847393599,2024-02-01 05:00:00+00:00,2024-03-08 05:00:00+00:00,Time Limit Reached (25 days),25
2023-01-03,2024-05-31,IEX,KDP,0.24047676355662045,-0.23118770122379673,-0.1445715263513233,0.06133165136539194,-0.04261047309033439,2024-03-11 04:00:00+00:00,2024-04-16 04:00:00+00:00,Time Limit Reached (25 days),25
2023-01-03,2024-05-31,IEX,KDP,0.24047676355662045,-0.11991743770538732,-0.01343835248132752,0.06133165136539194,-0.0515605260646419,2024-04-17 04:00:00+00:00,2024-04-25 04:00:00+00:00,Convergence,6
2023-01-03,2024-05-31,AME,ICE,0.24118274507422943,-0.06525570162036876,-0.05758083949788162,0.05952806983001527,-0.003529671479249874,2024-04-15 04:00:00+00:00,2024-04-17 04:00:00+00:00,Convergence,2
2023-01-03,2024-05-31,ICE,AME,0.24118274507422943,0.07237615974401224,0.049802819548208976,0.05952806983001527,-0.01057640242820157,2024-05-17 04:00:00+00:00,2024-05-20 04:00:00+00:00,Convergence,1
2023-01-03,2024-05-31,MRK,ED,0.24149154694668667,-0.0633101119396865,-0.18125574784698684,0.061786205144986686,0.05734579225698,2024-01-17 05:00:00+00:00,2024-02-22 05:00:00+00:00,Time Limit Reached (25 days),25
2023-01-03,2024-05-31,MRK,ED,0.24149154694668667,-0.18271521969424565,-0.17743749054951408,0.061786205144986686,-0.004127138203488201,2024-02-23 05:00:00+00:00,2024-04-01 04:00:00+00:00,Time Limit Reached (25 days),25
2023-01-03,2024-05-31,MRK,ED,0.24149154694668667,-0.16880086651072979,-0.09370089987093788,0.061786205144986686,-0.0352695406447705,2024-04-02 04:00:00+00:00,2024-05-07 04:00:00+00:00,Time Limit Reached (25 days),25
2023-01-03,2024-05-31,MRK,ED,0.24149154694668667,-0.08556052115567603,-0.08821501952170174,0.061786205144986686,0.0038300504914974276,2024-05-08 04:00:00+00:00,2024-05-30 04:00:00+00:00,End of Period,15
2023-01-03,2024-05-31,HD,NDSN,0.2418575819633743,0.06500887103472919,0.05197029067367398,0.05544740064181256,-0.006632782209064381,2024-01-10 05:00:00+00:00,2024-01-22 05:00:00+00:00,Convergence,7
2023-01-03,2024-05-31,HD,NDSN,0.2418575819633743,0.062011886891657375,0.04156721557246734,0.05544740064181256,-0.010150748910307206,2024-02-07 05:00:00+00:00,2024-02-08 05:00:00+00:00,Convergence,1
2023-01-03,2024-05-31,HD,NDSN,0.2418575819633743,0.059491851448956856,0.05411732432857841,0.05544740064181256,-0.0028356295621914107,2024-02-28 05:00:00+00:00,2024-03-28 04:00:00+00:00,Convergence,21
2023-01-03,2024-05-31,NDSN,HD,0.2418575819633743,-0.061361524208510154,-0.04778846760722022,0.05544740064181256,-0.006848930762730632,2024-05-07 04:00:00+00:00,2024-05-15 04:00:00+00:00,Convergence,6
2023-01-03,2024-05-31,NDSN,HD,0.2418575819633743,-0.05819106305912791,0.03513648941579617,0.05544740064181256,-0.04458944823887867,2024-05-20 04:00:00+00:00,2024-05-21 04:00:00+00:00,Convergence,1
2023-01-03,2024-05-31,HD,NDSN,0.2418575819633743,0.056345090682157206,0.06749724991993267,0.05544740064181256,0.005717243690949836,2024-05-29 04:00:00+00:00,2024-05-30 04:00:00+00:00,End of Period,1
2023-01-03,2024-05-31,KO,WEC,0.24384745908892724,0.060881941593392885,0.058895006484285584,0.060710512796111595,-0.0007622961395752359,2024-01-17 05:00:00+00:00,2024-01-31 05:00:00+00:00,Convergence,10
2023-01-03,2024-05-31,KO,WEC,0.24384745908892724,0.07198668220438098,0.04443604487253461,0.060710512796111595,-0.01364176670014583,2024-02-01 05:00:00+00:00,2024-03-06 05:00:00+00:00,Convergence,23
2023-01-03,2024-05-31,KO,WEC,0.24384745908892724,0.06277588827016067,0.054663448764209366,0.060710512796111595,-0.004289392211505261,2024-03-12 04:00:00+00:00,2024-04-02 04:00:00+00:00,Convergence,14
2023-01-03,2024-05-31,KO,WEC,0.24384745908892724,0.0627313948924405,0.04639234719986307,0.060710512796111595,-0.00847159090041849,2024-04-05 04:00:00+00:00,2024-04-08 04:00:00+00:00,Convergence,1
2023-01-03,2024-05-31,KO,WEC,0.24384745908892724,0.06540159698163173,0.05734478597177772,0.060710512796111595,-0.0038606192958399177,2024-04-11 04:00:00+00:00,2024-04-12 04:00:00+00:00,Convergence,1
2023-01-03,2024-05-31,KO,WEC,0.24384745908892724,0.0673379447341399,0.053492267174339636,0.060710512796111595,-0.007615301904777549,2024-04-16 04:00:00+00:00,2024-04-17 04:00:00+00:00,Convergence,1
2023-01-03,2024-05-31,KO,WEC,0.24384745908892724,0.06210052062452731,0.057456973335265005,0.060710512796111595,-0.0026802034401022246,2024-04-23 04:00:00+00:00,2024-05-09 04:00:00+00:00,Convergence,12
2023-01-03,2024-05-31,KO,WEC,0.24384745908892724,0.06561679497482009,0.058282314148395464,0.060710512796111595,-0.0035854139815242325,2024-05-10 04:00:00+00:00,2024-05-15 04:00:00+00:00,Convergence,3
2023-01-03,2024-05-31,KO,WEC,0.24384745908892724,0.08825617610345093,0.10696654898225444,0.060710512796111595,0.01106573750324702,2024-05-22 04:00:00+00:00,2024-05-30 04:00:00+00:00,End of Period,5
2023-01-03,2024-05-31,EQIX,SPGI,0.24698302622531515,-0.06445668245104752,-0.059266428776327484,0.06157501640714595,-0.0018331982155913584,2024-02-12 05:00:00+00:00,2024-02-13 05:00:00+00:00,Convergence,1
2023-01-03,2024-05-31,EQIX,SPGI,0.24698302622531515,-0.062337095096148154,-0.04444087602071056,0.06157501640714595,-0.009028585264023725,2024-02-14 05:00:00+00:00,2024-03-20 04:00:00+00:00,Convergence,24
2023-01-03,2024-05-31,SPGI,EQIX,0.24698302622531515,0.07319525802185489,0.03496452474899392,0.06157501640714595,-0.019901095662302026,2024-04-30 04:00:00+00:00,2024-05-09 04:00:00+00:00,Convergence,7
2023-01-03,2024-05-31,EQIX,SPG,0.24698302622531515,-0.06445668245104752,-0.059266428776327484,0.06157501640714595,-0.0018331982155913584,2024-02-12 05:00:00+00:00,2024-02-13 05:00:00+00:00,Convergence,1
2023-01-03,2024-05-31,EQIX,SPG,0.24698302622531515,-0.062337095096148154,-0.04444087602071056,0.06157501640714595,-0.009028585264023725,2024-02-14 05:00:00+00:00,2024-03-20 04:00:00+00:00,Convergence,24
2023-01-03,2024-05-31,SPG,EQIX,0.24698302622531515,0.07319525802185489,0.03496452474899392,0.06157501640714595,-0.019901095662302026,2024-04-30 04:00:00+00:00,2024-05-09 04:00:00+00:00,Convergence,7
2023-01-03,2024-05-31,WAB,APH,0.2494286803055946,-0.09611014619013036,-0.03469049984412598,0.05212368930897769,-0.024286051851115764,2024-04-24 04:00:00+00:00,2024-04-29 04:00:00+00:00,Convergence,3
2023-01-03,2024-05-31,APH,WAB,0.2494286803055946,0.06325855360767352,0.0426765317357507,0.05212368930897769,-0.0072112397539674244,2024-05-23 04:00:00+00:00,2024-05-28 04:00:00+00:00,Convergence,2
2023-01-03,2024-05-31,ELV,DUK,0.2510063393732583,-0.06321386278909114,-0.08693020679511809,0.06309996499179937,0.011227880219399022,2024-02-07 05:00:00+00:00,2024-03-14 04:00:00+00:00,Time Limit Reached (25 days),25
2023-01-03,2024-05-31,ELV,DUK,0.2510063393732583,-0.09570471662950175,-0.047743425472458245,0.06309996499179937,-0.022984540473087622,2024-03-15 04:00:00+00:00,2024-04-02 04:00:00+00:00,Convergence,11
2023-01-03,2024-05-31,ELV,DUK,0.2510063393732583,-0.06784238881152882,-0.05078707157464846,0.06309996499179937,-0.008092487331792797,2024-04-03 04:00:00+00:00,2024-04-04 04:00:00+00:00,Convergence,1
2023-01-03,2024-05-31,ELV,DUK,0.2510063393732583,-0.0712913227393901,-0.061076126124864016,0.06309996499179937,-0.004395749468971921,2024-04-05 04:00:00+00:00,2024-04-12 04:00:00+00:00,Convergence,5
2023-01-03,2024-05-31,ELV,DUK,0.2510063393732583,-0.07448542206753073,-0.05886686083706749,0.06309996499179937,-0.007037111611928548,2024-04-15 04:00:00+00:00,2024-05-08 04:00:00+00:00,Convergence,17
2023-01-03,2024-05-31,ELV,DUK,0.2510063393732583,-0.06320710747602942,-0.06227270806790508,0.06309996499179937,-0.00019709691902902726,2024-05-09 04:00:00+00:00,2024-05-14 04:00:00+00:00,Convergence,3
2023-01-03,2024-05-31,ELV,DUK,0.2510063393732583,-0.06554208000161998,-0.06258010644010614,0.06309996499179937,-0.001541643187791819,2024-05-16 04:00:00+00:00,2024-05-17 04:00:00+00:00,Convergence,1
2023-01-03,2024-05-31,ELV,DUK,0.2510063393732583,-0.06746792280948166,-0.025439419708188415,0.06309996499179937,-0.017871996757482744,2024-05-22 04:00:00+00:00,2024-05-24 04:00:00+00:00,Convergence,2
2023-01-03,2024-05-31,DOV,DOW,0.25115412211547344,0.06554829440322507,0.050949575425084825,0.06273110242959472,-0.007556051932697372,2024-02-01 05:00:00+00:00,2024-02-21 05:00:00+00:00,Convergence,13
2023-01-03,2024-05-31,DOV,DOW,0.25115412211547344,0.06418465423686848,0.11288315775089175,0.06273110242959472,0.02228381225997178,2024-02-22 05:00:00+00:00,2024-03-28 04:00:00+00:00,Time Limit Reached (25 days),25
2023-01-03,2024-05-31,DOV,DOW,0.25115412211547344,0.09585392817705274,0.056381161819201386,0.06273110242959472,-0.017780288048993897,2024-04-01 04:00:00+00:00,2024-04-03 04:00:00+00:00,Convergence,2
2023-01-03,2024-05-31,DOV,DOW,0.25115412211547344,0.07173564790093456,0.14114383901088634,0.06273110242959472,0.02996690353241327,2024-04-05 04:00:00+00:00,2024-05-10 04:00:00+00:00,Time Limit Reached (25 days),25
2023-01-03,2024-05-31,DOV,DOW,0.25115412211547344,0.13351845638766324,0.15216008904245149,0.06273110242959472,0.010026677518580662,2024-05-13 04:00:00+00:00,2024-05-30 04:00:00+00:00,End of Period,12
2023-01-03,2024-05-31,HWM,ECL,0.2553261696741187,-0.06855896223362445,-0.038578916410387576,0.06391461649093774,-0.01203722083296399,2024-02-02 05:00:00+00:00,2024-02-13 05:00:00+00:00,Convergence,7
2023-01-03,2024-05-31,HWM,ECL,0.2553261696741187,-0.0858983292281128,-0.10329769963529456,0.06391461649093774,0.006836598115689263,2024-02-14 05:00:00+00:00,2024-03-21 04:00:00+00:00,Time Limit Reached (25 days),25
2023-01-03,2024-05-31,HWM,ECL,0.2553261696741187,-0.10884485041231162,-0.06292050688102702,0.06391461649093774,-0.015251290060422251,2024-03-22 04:00:00+00:00,2024-04-22 04:00:00+00:00,Convergence,20
2023-01-03,2024-05-31,HWM,ECL,0.2553261696741187,-0.09523810265882804,-0.4231684116331573,0.06391461649093774,0.13518197568868384,2024-04-23 04:00:00+00:00,2024-05-29 04:00:00+00:00,Time Limit Reached (25 days),25
2023-01-03,2024-05-31,LEN,DHI,0.25666867672512594,-0.05850080414732328,-0.07930343334685408,0.05647924320470513,0.01095523899838069,2024-01-24 05:00:00+00:00,2024-02-29 05:00:00+00:00,Time Limit Reached (25 days),25
2023-01-03,2024-05-31,LEN,DHI,0.25666867672512594,-0.07590898543288804,-0.03498061816408571,0.05647924320470513,-0.017876073057633945,2024-03-01 05:00:00+00:00,2024-03-14 04:00:00+00:00,Convergence,9
2023-01-03,2024-05-31,LEN,DHI,0.25666867672512594,-0.061403346110146195,-0.08230720893059318,0.05647924320470513,0.01875873845129261,2024-03-25 04:00:00+00:00,2024-04-30 04:00:00+00:00,Time Limit Reached (25 days),25
2023-01-03,2024-05-31,LEN,DHI,0.25666867672512594,-0.08616647945940759,-0.09712640126185446,0.05647924320470513,0.004609404312152954,2024-05-01 04:00:00+00:00,2024-05-30 04:00:00+00:00,End of Period,20
2023-01-03,2024-05-31,YUM,ATO,0.25948094449482756,0.07237651931581024,0.059869512362817234,0.0622060049270515,-0.006648973043580475,2024-02-14 05:00:00+00:00,2024-03-20 04:00:00+00:00,Convergence,24
2023-01-03,2024-05-31,YUM,ATO,0.25948094449482756,0.07908634489615207,0.06126482620553553,0.0622060049270515,-0.007508738259129677,2024-04-01 04:00:00+00:00,2024-04-04 04:00:00+00:00,Convergence,3
2023-01-03,2024-05-31,YUM,ATO,0.25948094449482756,0.06263620358541133,0.0320748517473024,0.0622060049270515,-0.014678761090321402,2024-04-09 04:00:00+00:00,2024-05-01 04:00:00+00:00,Convergence,16
2023-01-03,2024-05-31,YUM,ATO,0.25948094449482756,0.06265835326739433,0.06032093204007394,0.0622060049270515,-0.0008517995976757842,2024-05-10 04:00:00+00:00,2024-05-13 04:00:00+00:00,Convergence,1
2023-01-03,2024-05-31,YUM,ATO,0.25948094449482756,0.06284040922883549,0.0788023711908179,0.0622060049270515,0.009231609398832719,2024-05-15 04:00:00+00:00,2024-05-30 04:00:00+00:00,End of Period,10
2023-01-03,2024-05-31,ETR,SRE,0.26019380673091563,0.03943363369741504,0.08122013940643713,0.037721257468742705,0.021536768630469272,2024-02-01 05:00:00+00:00,2024-03-08 05:00:00+00:00,Time Limit Reached (25 days),25
2023-01-03,2024-05-31,ETR,SRE,0.26019380673091563,0.06179893938362757,0.10797102643651635,0.037721257468742705,0.02816098190383931,2024-03-11 04:00:00+00:00,2024-04-16 04:00:00+00:00,Time Limit Reached (25 days),25
2023-01-03,2024-05-31,ETR,SRE,0.26019380673091563,0.11304154776157693,0.09372459338691885,0.037721257468742705,-0.008787012231240121,2024-04-17 04:00:00+00:00,2024-05-22 04:00:00+00:00,Time Limit Reached (25 days),25
2023-01-03,2024-05-31,ETR,SRE,0.26019380673091563,0.0804117333396932,0.08343426007234878,0.037721257468742705,0.0022708111384341922,2024-05-23 04:00:00+00:00,2024-05-30 04:00:00+00:00,End of Period,4
2023-01-03,2024-05-31,EXC,WEC,0.2624840389188241,0.071662178317072,0.06364230777090474,0.06480458625541267,-0.004165453926278095,2024-02-22 05:00:00+00:00,2024-02-29 05:00:00+00:00,Convergence,5
2023-01-03,2024-05-31,EXC,WEC,0.2624840389188241,0.06564448647394461,0.09468238285216946,0.06480458625541267,0.014187988113444794,2024-03-01 05:00:00+00:00,2024-04-08 04:00:00+00:00,Time Limit Reached (25 days),25
2023-01-03,2024-05-31,EXC,WEC,0.2624840389188241,0.0903853556380182,0.06229758950673925,0.06480458625541267,-0.013944101125634045,2024-04-09 04:00:00+00:00,2024-05-03 04:00:00+00:00,Convergence,18
2023-01-03,2024-05-31,EXC,WEC,0.2624840389188241,0.07062725185599139,0.05387089023175051,0.06480458625541267,-0.008594295172635213,2024-05-06 04:00:00+00:00,2024-05-08 04:00:00+00:00,Convergence,2
2023-01-03,2024-05-31,EXC,WEC,0.2624840389188241,0.07658117603402292,0.09085368035472441,0.06480458625541267,0.0108062876041366,2024-05-14 04:00:00+00:00,2024-05-30 04:00:00+00:00,End of Period,11
2023-01-03,2024-05-31,PEP,NI,0.26268398006660665,0.06820632697002649,0.025359038910925058,0.06472875902093173,-0.021536449161555282,2024-02-08 05:00:00+00:00,2024-02-09 05:00:00+00:00,Convergence,1
2023-01-03,2024-05-31,ETR,DUK,0.263731768663706,-0.04791807259696079,-0.03948791666692386,0.046503080798742616,-0.004499929112923184,2024-02-22 05:00:00+00:00,2024-03-06 05:00:00+00:00,Convergence,9
2023-01-03,2024-05-31,ETR,DUK,0.263731768663706,-0.04762036299698447,-0.04413419077549463,0.046503080798742616,-0.0018420115025263861,2024-05-06 04:00:00+00:00,2024-05-07 04:00:00+00:00,Convergence,1
2023-01-03,2024-05-31,ETR,DUK,0.263731768663706,-0.05393993935250574,-0.04092430469124775,0.046503080798742616,-0.0061289245432791795,2024-05-10 04:00:00+00:00,2024-05-17 04:00:00+00:00,Convergence,5
2023-01-03,2024-05-31,ETR,DUK,0.263731768663706,-0.0476606913504094,-0.04233670216408747,0.046503080798742616,-0.0021101528032048122,2024-05-21 04:00:00+00:00,2024-05-22 04:00:00+00:00,Convergence,1
