date,pair,current_zscore,hedge_ratio,rolling_corr_30,prob_revert_t+10,actual_zdelta_t+10,actual_zscore_t+10,actual_delta,position
2019-04-03,"['ADP', 'EXPD']",2.835543725574058,1.9559196298055754,0.5963339867457303,0.7497415967808023,-0.6334256598040642,2.202118065769994,-2.668780819633909,SHORT
2019-05-20,"['PCAR', 'PWR']",2.9203946161716736,0.6160837508496616,0.510222180181228,0.652667342180636,-1.347225101043091,1.5731695151285827,-1.8169326965398227,SHORT
2019-01-31,"['ADSK', 'ROP']",1.5672109474632412,0.6868828713804107,0.7944108239086162,0.6987965745095278,-0.298997728840813,1.2682132186224282,-2.3040038797696525,SHORT
2019-02-01,"['ADSK', 'ROP']",1.0438340740627245,0.6868828713804107,0.7797357773569367,0.4487511684036719,-0.22116209914573315,0.8226719749169914,-1.7042214215649096,FLAT
2019-06-03,"['ADSK', 'ROP']",-2.9623579481482705,0.6868828713804107,0.7003258573249252,0.686214999703215,-0.9035118988320927,-3.865869846980363,-6.9622432531435265,LONG
2019-01-07,"['CRM', 'INTU']",1.7678002939402908,0.6367771257446304,0.9422395452621205,0.696301589878989,-0.34865783574295794,1.4191424581973329,-1.736523267000166,SHORT
2019-02-20,"['CRM', 'INTU']",0.44137721836195276,0.6367771257446304,0.6786032634722492,0.434519911580322,-1.6775216629974596,-1.236144444635507,-8.355055013992285,FLAT
2019-03-18,"['CRM', 'INTU']",-1.530517264426893,0.6367771257446304,0.4818192195987368,0.6504983901387333,-1.1294824560688852,-2.659999720495778,-5.625494004609436,LONG
2019-04-26,"['CRM', 'INTU']",-0.28898229183004365,0.6367771257446304,0.44946314144750477,0.761360352957808,-0.10015908786627492,-0.38914137969631857,-0.4988517929352554,FLAT
2019-05-17,"['CRM', 'INTU']",-1.551686148910593,0.6367771257446304,0.5489262877435466,0.6843777729108491,-0.9742218803361913,-2.5259080292467844,-4.852204049335256,LONG
2019-01-07,"['AMGN', 'ISRG']",1.6179115302103855,0.3409783040826874,0.7692999518046728,0.689860984221997,-0.5951374221441599,1.0227741080662256,-3.4979429090318206,SHORT
2019-01-28,"['AMGN', 'ISRG']",0.4299138733410159,0.3409783040826874,0.789838207977564,0.45419635059384633,-1.4727077636880392,-1.0427938903470233,-8.655896079445085,FLAT
2019-07-23,"['AMGN', 'ISRG']",-2.14344325507061,0.3409783040826874,0.39340880523149363,0.6510405380306448,1.8287415321039617,-0.3147017229666482,10.748498139519683,LONG
2019-07-31,"['AMGN', 'ISRG']",-0.32533460892715477,0.3409783040826874,-0.04339929260473527,0.5231319313074116,2.2665473445152755,1.9412127355881208,13.321718508589527,FLAT
2019-09-04,"['AMGN', 'ISRG']",3.0628221572211785,0.3409783040826874,0.23509454531388665,0.6995647876611106,-2.2421947548221692,0.8206274023990092,-13.178585233376111,SHORT
2019-09-11,"['AMGN', 'ISRG']",1.0860054044113663,0.3409783040826874,0.16138295901107905,0.6566853443973051,-0.39841484760535206,0.6875905568060142,-2.3416984702678576,FLAT
2019-01-09,"['HUM', 'ISRG']",-2.8737660007955412,1.1974939184696582,0.7605504520062082,0.6712883526448462,1.1905226769338009,-1.6832433238617404,15.152110680205055,LONG
2019-01-28,"['HUM', 'ISRG']",-0.3669142919293932,1.1974939184696582,0.5049619641180408,0.5416723697957241,-1.6056518062819025,-1.9725660982112956,-20.435573680388927,FLAT
2019-02-12,"['HUM', 'ISRG']",-2.1049117933936436,1.1974939184696582,0.28430255431486234,0.6885795338260499,-0.9194242654878706,-3.0243360588815142,-11.701766377620288,LONG
2019-02-15,"['HUM', 'ISRG']",-1.3525689560184742,1.1974939184696582,0.09669490106911724,0.6126792412494907,-2.4467681759314726,-3.7993371319499465,-31.14069385557667,FLAT
2019-03-04,"['HUM', 'ISRG']",-3.7993371319499465,1.1974939184696582,0.23342532716762315,0.6798868141264761,0.03205508101337884,-3.7672820509365677,0.4079738628990981,LONG
2019-04-15,"['HUM', 'ISRG']",-6.344293802635567,1.1974939184696582,0.19456051222025528,0.535661361367378,2.1795757349341223,-4.164718067701445,27.740061916894888,FLAT
2019-04-18,"['HUM', 'ISRG']",-5.796866644776438,1.1974939184696582,0.29790380142815287,0.6621320151797709,1.280693944202584,-4.516172700573854,16.299745284990422,LONG
2019-04-22,"['HUM', 'ISRG']",-4.495587650438575,1.1974939184696582,0.1800564677174421,0.6628930593564778,-0.026458049825355268,-4.52204570026393,-0.3367389022514544,FLAT
2019-07-01,"['HUM', 'ISRG']",-4.287512680879789,1.1974939184696582,0.2075153719360372,0.6687607646214948,2.1427155860432863,-2.144797094836503,27.27093262897472,LONG
2019-07-12,"['HUM', 'ISRG']",-1.9664734258994228,1.1974939184696582,0.11882703348880112,0.481432959876175,-1.105931480197955,-3.0724049060973777,-14.07549517312907,FLAT
2019-08-27,"['HUM', 'ISRG']",-2.405112705150911,1.1974939184696582,0.22345369822374497,0.6508621025651878,-0.5208725410334694,-2.9259852461843803,-6.629288584695843,LONG
2019-09-19,"['HUM', 'ISRG']",-3.015693316947729,1.1974939184696582,0.19580304087826086,0.5106561545782088,-1.4716784309931192,-4.487371747940848,-18.73045755794385,FLAT
2019-01-10,"['HUM', 'ZTS']",-2.23643806523393,3.188544969852644,0.689405571596563,0.6543421910974788,2.2437909720218925,0.007352906787962521,27.15990176711682,LONG
2019-01-16,"['HUM', 'ZTS']",-0.15554867043946008,3.188544969852644,0.6046733161623533,0.5714366893103329,0.4409502169219721,0.28540154648251204,5.337468919842308,FLAT
2019-02-14,"['HUM', 'ZTS']",-2.0520885078846036,3.188544969852644,0.3523764603910371,0.6635538641796017,-1.4336828826056909,-3.4857713904902945,-17.35397224710266,LONG
2019-02-19,"['HUM', 'ZTS']",-2.164593507220929,3.188544969852644,0.11619310127739228,0.5695606866276544,-2.395618051444082,-4.560211558665011,-28.997688180429236,FLAT
2019-01-17,"['ISRG', 'ZTS']",2.594133500200792,2.610501679206477,0.7908725384009928,0.6620060903454454,-1.3680562352235954,1.2260772649771967,-10.320014911345822,SHORT
2019-02-07,"['ISRG', 'ZTS']",0.8537528830855028,2.610501679206477,0.6278950468628608,0.3650611538261676,-0.861542264819966,-0.007789381734463197,-6.499096156119293,FLAT
2019-08-01,"['ISRG', 'ZTS']",-8.23634082069875,2.610501679206477,0.4818415028391645,0.6648547820963409,-3.67467315634285,-11.9110139770416,-27.720119094068053,LONG
2019-02-15,"['ES', 'XEL']",2.797153173219222,0.9785155009884713,0.9316354761192835,0.6709904592925503,-2.2395293639113665,0.5576238093078554,-1.8127424369459604,SHORT
2019-03-05,"['ES', 'XEL']",0.3663943273719117,0.9785155009884713,0.8566423343511753,0.4931306707704735,0.4234445509171124,0.7898388782890241,0.3427487576230561,FLAT
2019-07-10,"['ES', 'XEL']",2.732034910633489,0.9785155009884713,0.9279618042343687,0.6591514125915517,-0.5135372895427053,2.218497621090784,-0.41567253044738806,SHORT
2019-01-29,"['AEP', 'XEL']",2.0649506747824673,1.2290335247573885,0.9586548780224937,0.6645242809865191,0.439896488777602,2.5048471635600693,0.30749652150284845,SHORT
2019-03-07,"['AEP', 'XEL']",0.9090869403203483,1.2290335247573885,0.9125559944174549,0.4038155769458804,1.0215055104772535,1.9305924507976018,0.7140529628699781,FLAT
2019-07-10,"['AEP', 'XEL']",2.995067183651162,1.2290335247573885,0.9204520937731208,0.6529604042887277,-0.33558954958187437,2.6594776340692876,-0.23458386639067896,SHORT
2019-08-26,"['AEP', 'XEL']",0.3927009593039085,1.2290335247573885,0.8390214886530434,0.5391195457404946,1.083177929005988,1.4758788883098966,0.7571632277937823,FLAT
2018-12-24,"['NTRS', 'ZION']",-1.8931486045884647,1.4437418987045136,0.7157115610839541,0.6961805987601792,0.26345746296742156,-1.6296911416210431,0.5806874586571027,LONG
2019-03-21,"['NTRS', 'ZION']",-0.06594934418335732,1.4437418987045136,0.673393215536097,0.7053948638936411,-0.09074753788684287,-0.1566968820702002,-0.2000169460426946,FLAT
2019-07-23,"['NTRS', 'ZION']",2.5455189661974162,1.4437418987045136,0.3300175554700964,0.7960834851885312,-1.395873926562415,1.1496450396350013,-3.076650302069723,SHORT
2019-08-21,"['NTRS', 'ZION']",0.2986854158794757,1.4437418987045136,0.5962942621063804,0.44808443290182376,1.1051157519270185,1.403801167806494,2.4357892552384754,FLAT
2019-09-09,"['NTRS', 'ZION']",1.914539612800256,1.4437418987045136,0.9107838356706608,0.7072239391897477,-0.21671162557837964,1.6978279872218764,-0.4776548050723477,SHORT
2019-01-08,"['NTRS', 'RF']",-1.6641193405377723,4.264369159406557,0.7985529991178127,0.7514408973738698,0.8662361404697903,-0.7978832000679821,1.8639552048513224,LONG
2019-02-12,"['NTRS', 'RF']",-0.15391771925996597,4.264369159406557,0.6234177366886002,0.4451130093913174,-1.171088113891016,-1.325005833150982,-2.519931555895184,FLAT
2020-03-04,"['DOV', 'HON']",5.124955655067504,0.7249134035653287,0.789490153590564,0.673266169767106,-2.858107039446676,2.266848615620828,-6.584143637760732,SHORT
2019-11-11,"['PH', 'ROK']",3.5578926921458462,0.9918359350987742,0.7656255742851613,0.6579814474543523,-2.27808495035835,1.2798077417874962,-11.710199393806334,SHORT
2019-11-12,"['PH', 'ROK']",0.07364911273077095,0.9918359350987742,0.4727802743320305,0.5581070971307684,0.7990869111989759,0.8727360239297468,4.1076023357464635,FLAT
2020-03-13,"['PH', 'ROK']",-4.664239176810605,0.9918359350987742,0.9113039533313392,0.6782569895872379,-0.849369227967391,-5.513608404777996,-4.366072045248757,LONG
2020-01-28,"['AVGO', 'ORCL']",2.2574917959988956,0.7446686037834774,0.5336937873160299,0.6942600946059659,-0.6411595485021002,1.6163322474967954,-0.9927879612168056,SHORT
2020-02-18,"['AVGO', 'ORCL']",0.9625820700668392,0.7446686037834774,0.5690781702325808,0.4282222547555074,0.8808098397079388,1.843391909774778,1.3638686455286901,FLAT
2020-03-12,"['AVGO', 'ORCL']",2.750610132286711,0.7446686037834774,0.9063882874022022,0.6872120499102308,-3.1185790695908406,-0.3679689373041297,-4.828888166175929,SHORT
2020-03-13,"['AVGO', 'ORCL']",0.028837222402289794,0.7446686037834774,0.8326344517072698,0.46165228914677514,-0.8144555756445049,-0.7856183532422151,-1.2611239937622472,FLAT
2020-03-18,"['AVGO', 'ORCL']",-3.3594312011178316,0.7446686037834774,0.7296902941768973,0.8324657015846967,2.6686111403889563,-0.6908200607288753,4.132146233393463,LONG
2020-03-23,"['AVGO', 'ORCL']",-0.4022839116626751,0.7446686037834774,0.5638016607331213,0.7080211965096112,0.112533447598968,-0.2897504640637071,0.17424968913195826,FLAT
2020-06-26,"['AVGO', 'ORCL']",1.69130913225104,0.7446686037834774,0.4809347271769666,0.7338661827352227,-1.0291572916837706,0.6621518405672695,-1.593573661609117,SHORT
2019-10-31,"['SWKS', 'WDC']",2.433753904569576,0.8729366840991792,0.34398759810798335,0.7747800948008023,1.4492660967848763,3.8830200013544522,7.366997604563849,SHORT
2019-10-15,"['AMGN', 'ISRG']",2.0854886939207193,0.3363332351067766,0.3224489368705049,0.6536068429779985,0.06271695371044084,2.14820564763116,0.4167685190270163,SHORT
2019-10-21,"['AMGN', 'ISRG']",1.2900852024444582,0.3363332351067766,0.12867234674043246,0.574144650087772,1.4479481367407978,2.738033339185256,9.621946935808069,FLAT
2020-01-13,"['AMGN', 'ISRG']",4.997642919696759,0.3363332351067766,0.5424929286619008,0.7679374446180204,-0.9375450609106641,4.0600978587860945,-6.2302016191801215,SHORT
2020-02-04,"['BDX', 'ISRG']",3.5118342864301986,0.5764739431440646,0.4186221397501791,0.7089109276623308,-5.298856637309806,-1.787022350879607,-27.530977357551222,SHORT
2020-02-06,"['BDX', 'ISRG']",-1.0643989381361982,0.5764739431440646,0.015080501059001479,0.5829739014518632,-0.4851382879550512,-1.5495372260912494,-2.5206062619109844,FLAT
2020-03-03,"['BDX', 'ISRG']",-1.9058876641893332,0.5764739431440646,0.2652315565312543,0.6604062385611749,6.225579227207417,4.319691563018084,32.34589883694332,LONG
2020-03-23,"['BDX', 'ISRG']",0.03226870255860443,0.5764739431440646,0.7415045540499597,0.48708477855019106,0.07156525174129982,0.10383395429990425,0.3718276337963857,FLAT
2020-03-30,"['BDX', 'ISRG']",-2.02880965308748,0.5764739431440646,0.6730436730952012,0.6748427345781309,3.434075543456161,1.405265890368681,17.84223701492914,LONG
2020-04-01,"['BDX', 'ISRG']",0.009948413846678657,0.5764739431440646,0.6607599614813654,0.5307539402469235,2.9212155913115767,2.9311640051582555,15.177598830406424,FLAT
2020-04-24,"['BDX', 'ISRG']",3.6439548494548473,0.5764739431440646,0.6156101619579115,0.6595898313719428,-2.6787892660418384,0.9651655834130088,-13.918037734738817,SHORT
2020-05-20,"['BDX', 'ISRG']",-1.111898416375363,0.5764739431440646,0.18651669981124705,0.4404452196768706,-0.36657496170801007,-1.478473378083373,-1.9045933229384673,FLAT
2019-11-11,"['A', 'WAT']",2.2961951608311875,0.3637882819875672,0.619428144165975,0.6515364493972082,-0.35648732556184615,1.9397078352693413,-0.9906554718857166,SHORT
2020-03-18,"['ETR', 'WEC']",-27.131175329131864,0.5733107580461811,0.7534179410136792,0.6904141955483246,16.521500866476977,-10.609674462654887,9.567229511860731,LONG
2019-11-04,"['AEP', 'XEL']",2.5329006246733767,1.3143992884331617,0.8256240994092036,0.6994653011037117,-0.98125065061701,1.5516499740563667,-0.7250645270509892,SHORT
2019-11-13,"['AEP', 'XEL']",0.12913239552448696,1.3143992884331617,0.8549107887099027,0.5518016451801008,1.9896415482672556,2.1187739437917426,1.4701834921467594,FLAT
2019-11-26,"['AEP', 'XEL']",2.5756517046934926,1.3143992884331617,0.8257676700806132,0.6508216532598387,-0.7257768402856315,1.849874864407861,-0.5362901325113683,SHORT
2020-02-21,"['AEP', 'XEL']",-0.3410955429324081,1.3143992884331617,0.7228000472619365,0.6283475163538157,-3.3877745432976267,-3.728870086230035,-2.503290209740925,FLAT
2020-02-27,"['AEP', 'XEL']",-2.314158158252263,1.3143992884331617,0.9280208639058803,0.7025187103641318,-5.516220780087642,-7.830378938339905,-4.076039092058821,LONG
2020-03-02,"['AEP', 'XEL']",-0.2905921736344999,1.3143992884331617,0.9497821120283091,0.5306701392511269,-4.169696369627957,-4.460288543262457,-3.08106692646723,FLAT
2020-03-06,"['AEP', 'XEL']",-3.728870086230035,1.3143992884331617,0.9345762916521252,0.65030143011322,-0.4396464762057586,-4.168516562435793,-0.3248630348823909,LONG
2019-10-09,"['AEP', 'SRE']",-1.5742005645021646,1.4726452741284777,0.4914172777356392,0.7905867485925367,0.2030331055794936,-1.371167458922671,0.4259549440025694,LONG
2019-10-25,"['AEP', 'SRE']",-0.25755242621322355,1.4726452741284777,0.5322394209359137,0.5924706815130292,-1.212741363879935,-1.4702937900931585,-2.5442805411791483,FLAT
2019-11-01,"['AEP', 'SRE']",-1.501983561216475,1.4726452741284777,0.5019339427254252,0.6917498853350693,-0.9234137904465622,-2.425397351663037,-1.937283421234298,LONG
2020-02-25,"['AEP', 'SRE']",-0.13754733596324212,1.4726452741284777,0.7873375926178218,0.4928139911507233,4.112369553336613,3.974822217373371,8.627578925169573,FLAT
2020-03-18,"['AEP', 'SRE']",9.584570122919647,1.4726452741284777,0.7836715794756588,0.7163051780138602,-5.945828433111172,3.638741689808475,-12.474098793130771,SHORT
2020-03-25,"['AEP', 'SRE']",0.16188688330558149,1.4726452741284777,0.6393539026154982,0.6867128166888352,1.518100342745909,1.6799872260514905,3.1849108776570176,FLAT
2020-03-27,"['AEP', 'SRE']",1.9847790426456289,1.4726452741284777,0.6621660728230274,0.6900217739780125,-1.6555399543193787,0.32923908832625015,-3.4732534210290424,SHORT
2020-04-09,"['AEP', 'SRE']",0.3801709374210064,1.4726452741284777,0.7139747983854375,0.6194543396588618,-0.15171254705772363,0.22845839036328275,-0.31828656367154906,FLAT
2020-05-01,"['AEP', 'SRE']",1.560537641212842,1.4726452741284777,0.6765522870734193,0.6965997366904921,-0.6552690552750874,0.9052685859377546,-1.374727007941246,SHORT
2020-05-06,"['AEP', 'SRE']",-0.03140742827300503,1.4726452741284777,0.7742347790985061,0.6393155027745467,-0.32285208061704407,-0.3542595088900491,-0.6773301306101658,FLAT
2020-05-19,"['AEP', 'SRE']",-1.5924569815076395,1.4726452741284777,0.6159266247694669,0.6521529031193254,2.223147021639026,0.6306900401313866,4.664069253183769,LONG
2020-05-20,"['AEP', 'SRE']",-0.3542595088900491,1.4726452741284777,0.5966773913409242,0.5662338681309349,0.7953056356602015,0.4410461267701524,1.6685178830106224,FLAT
2019-11-29,"['SRE', 'XEL']",3.5635926708174552,0.8479725156821549,0.6040156649645996,0.6920606103209359,0.06029721652913489,3.62388988734659,0.07719264680591209,SHORT
2020-02-25,"['SRE', 'XEL']",0.36298574410641166,0.8479725156821549,0.7901970905136426,0.6059785471600512,-5.858978998485055,-5.495993254378644,-7.500679509057946,FLAT
2020-03-18,"['SRE', 'XEL']",-10.815113522991506,0.8479725156821549,0.8042832087618972,0.7171707323184487,2.5690445790805914,-8.246068943910915,3.2888972698397936,LONG
2019-10-21,"['NTRS', 'ZION']",1.6607494886607854,1.435178130585872,0.7678030088340302,0.6821025289379737,0.20820116978424963,1.868950658445035,0.5368969337542353,SHORT
2020-02-26,"['NTRS', 'ZION']",0.9187470609857485,1.435178130585872,0.7951638062227878,0.44193160188903796,-0.3618395647489907,0.5569074962367578,-0.9330905922671562,FLAT
2019-11-25,"['NTRS', 'RF']",3.4815294135337735,4.289982338998438,0.7645236218769456,0.6513892047625991,0.006771036139257447,3.488300449673031,0.01520970016841261,SHORT
2020-02-26,"['NTRS', 'RF']",0.19891598158739138,4.289982338998438,0.7744008119399048,0.492773519422147,-0.9973289036585808,-0.7984129220711895,-2.240288381565584,FLAT
2020-04-27,"['NTRS', 'RF']",2.9071714208190382,4.289982338998438,0.7569214092604111,0.6580758818483935,-0.9063325736140393,2.000838847204999,-2.0358843778151012,SHORT
2020-02-25,"['PPG', 'SHW']",-1.971211892484265,0.22366326808724968,0.6145674434152705,0.7163051420632379,-1.6681343391309738,-3.6393462316152387,-6.544707761965427,LONG
2020-03-27,"['NWS', 'NWSA']",-4.58177140618036,0.9801216295872905,0.9623702626970974,0.6532461308178388,2.7018408807971435,-1.8799305253832168,0.301719911267714,LONG
2020-05-08,"['NWS', 'NWSA']",-0.49691602809070323,0.9801216295872905,0.9877953846943233,0.425990488272256,-1.6745816936898916,-2.171497721780595,-0.18700384749585375,FLAT
2020-03-16,"['GOOG', 'GOOGL']",4.035488202877224,1.032065981534453,0.9992499018178832,0.6719556414195464,-2.448413088827152,1.5870751140500725,-0.6529586832509935,SHORT
2020-04-29,"['GOOG', 'GOOGL']",0.1961149433067366,1.032065981534453,0.9989957942087687,0.7185271128282373,0.2794476808419336,0.47556262414867023,0.07452492006056843,FLAT
2020-07-08,"['GOOG', 'GOOGL']",-2.0478764286946767,1.032065981534453,0.9953358085638081,0.6584715199734841,1.7256699597501215,-0.3222064689445552,0.46021285778373056,LONG
2020-10-27,"['ADP', 'UNP']",-3.1591550245331073,0.9165691401004288,0.392811156429684,0.7110372087395797,0.7821614089009814,-2.376993615632126,4.666549402230771,LONG
2020-10-28,"['ADP', 'UNP']",-0.9670254227424402,0.9165691401004288,0.15055697139364585,0.7425312713853054,-1.1193569179970053,-2.0863823407394455,-6.67833301044783,FLAT
2021-03-10,"['ADP', 'UNP']",-2.4752697696578694,0.9165691401004288,0.38168798824944206,0.6518869237731032,0.6522568627281369,-1.8230129069297325,3.8915099086028135,LONG
2020-10-08,"['ADP', 'NSC']",-5.221030470948194,0.7812076682590856,0.5749944178830905,0.6592549221931213,0.6948771006508387,-4.526153370297355,3.9116236782629414,LONG
2020-11-06,"['ADP', 'NSC']",-3.1425959845551077,0.7812076682590856,0.19822300642193647,0.4637528355456893,-1.4004020831591912,-4.542998067714299,-7.883186742581614,FLAT
2020-12-03,"['ADP', 'NSC']",-3.9589654436184967,0.7812076682590856,0.3053593326912381,0.6610499537987338,1.7844330045302392,-2.1745324390882574,10.044985489170244,LONG
2021-02-18,"['ADP', 'NSC']",-5.671299617067133,0.7812076682590856,0.1891505276715993,0.5129731163740753,0.6226381536388814,-5.048661463428251,3.504973962277063,FLAT
2021-03-15,"['ADP', 'NSC']",-3.969990835409297,0.7812076682590856,0.40353454440839936,0.6674386455051278,-0.7943234462853952,-4.764314281694692,-4.47143012452014,LONG
2020-08-17,"['ADI', 'ROP']",-3.0849311887614967,0.2404553228983084,0.44801976823346057,0.7045582968229194,0.803204658626449,-2.281726530135048,3.2412827802111934,LONG
2020-09-30,"['ADI', 'ROP']",-0.466604329095496,0.2404553228983084,0.7401024435015832,0.6209775733625534,-0.45988354084218774,-0.9264878699376837,-1.855831618784947,FLAT
2020-11-10,"['ADI', 'ROP']",3.231285305261085,0.2404553228983084,0.42866127097098167,0.7438414178453248,-0.5360274144595736,2.6952578908015115,-2.1631055168181916,SHORT
2021-02-03,"['ADI', 'ROP']",6.191582079995329,0.2404553228983084,0.17820095403705302,0.4652072179598354,2.733562884140519,8.925144964135848,11.031124147288836,FLAT
2020-10-13,"['ACN', 'ADI']",1.9040225252786798,1.7595333911681281,0.6177095423243115,0.6688705994570465,-0.31532385217918635,1.5886986730994934,-2.7673794320322145,SHORT
2020-12-04,"['ACN', 'ADI']",0.6019875921547972,1.7595333911681281,0.7393850461159915,0.43849122388635237,1.2391080166028692,1.8410956087576664,10.874794328163915,FLAT
2021-01-28,"['ACN', 'TXN']",-2.0153986581589547,1.6448243578076278,0.43112745657131735,0.6522214396732768,-0.9312561416795715,-2.946654799838526,-6.785308164304695,LONG
2021-04-20,"['ACN', 'TXN']",-0.25131402306858336,1.6448243578076278,0.5849914927071224,0.5483190668387783,1.4105828676910086,1.1592688446224253,10.27777323573929,FLAT
2020-08-04,"['AVGO', 'ORCL']",1.816223689463368,0.7085873811634502,0.43692584706237875,0.7158027908421403,0.3576488417947896,2.1738725312581577,0.5585371852456333,SHORT
2020-08-18,"['AVGO', 'ORCL']",2.1738725312581577,0.7085873811634502,0.19387542353346607,0.6290039723570482,0.7063850796814646,2.8802576109396223,1.1031556320016733,FLAT
2021-01-27,"['AVGO', 'ORCL']",5.8799926358326235,0.7085873811634502,0.22269226675813877,0.6966487617952791,1.1532142604408397,7.033206896273463,1.8009650018140633,SHORT
2021-01-28,"['AVGO', 'ORCL']",6.8462609278384035,0.7085873811634502,0.15019105232371302,0.6266806714148246,0.9070323605048047,7.753293288343208,1.4165048012478607,FLAT
2020-08-19,"['BDX', 'ISRG']",-2.6977094755960835,0.5339410393743882,0.2589222678455718,0.7486416887858135,-4.13363774220451,-6.831347217800593,-24.157937733975274,LONG
2020-08-28,"['BDX', 'ISRG']",-6.076127539981599,0.5339410393743882,0.17696862360358492,0.42026068363713526,-0.4040903871028432,-6.480217927084442,-2.361597948184567,FLAT
2020-10-13,"['HSY', 'MDLZ']",-1.9618501009425553,3.490184266313169,0.8576365284912973,0.670097532607228,1.0906783105822786,-0.8711717903602767,6.234079985734695,LONG
2020-10-26,"['HSY', 'MDLZ']",-0.7270385407201884,3.490184266313169,0.8588492285634237,0.3893413382654671,0.4809272744458869,-0.24611126627430147,2.748875692427063,FLAT
2020-12-03,"['HSY', 'MDLZ']",-1.5075042552722808,3.490184266313169,0.7968870601278544,0.6621715428992396,0.6091631297015483,-0.8983411255707325,3.4818439480038137,LONG
2020-12-11,"['HSY', 'MDLZ']",-1.0027209334643,3.490184266313169,0.6738890182030683,0.44883542970439483,-0.04680423290838909,-1.049525166372689,-0.26752281473909534,FLAT
2020-12-02,"['HSY', 'PG']",-2.6120802391383404,1.1630020508593735,0.5279825132802811,0.6847328322065966,0.3809115451308913,-2.231168694007449,2.0191976220891945,LONG
2021-02-12,"['HSY', 'PG']",-0.34108596943657843,1.1630020508593735,0.5554254284090366,0.5210214896670083,-0.25689134210411535,-0.5979773115406938,-1.3617712399178856,FLAT
2020-07-28,"['ETR', 'SRE']",1.5374890132745245,1.006591781188991,0.6977786664694909,0.6549093757032406,-1.6314031372505704,-0.09391412397604593,-2.9332287616303105,SHORT
2020-08-05,"['ETR', 'SRE']",0.4616927543320301,1.006591781188991,0.5401473105312713,0.6942689294416827,-0.3810746899447747,0.08061806438725538,-0.68516433207256,FLAT
2020-09-04,"['ETR', 'SRE']",1.5400769637914569,1.006591781188991,0.5512085734633241,0.703094421318658,0.28630451267808055,1.8263814764695374,0.5147695330457793,SHORT
2020-12-15,"['ETR', 'SRE']",0.18633302944153696,1.006591781188991,0.5646957132396784,0.4335963414071141,0.05958863283416932,0.24592166227570628,0.10713911706090329,FLAT
2020-10-06,"['AWK', 'ES']",4.312579686666256,1.8356328353295845,0.824982613763218,0.7051675724513683,-0.5203675471490761,3.7922121395171797,-1.5829670436901608,SHORT
2020-08-10,"['NDAQ', 'SPGI']",2.3473944287277506,0.08730807888285737,0.5787851144655285,0.6691842651589397,-1.4026144975376726,0.944779931190078,-1.310583521878712,SHORT
2020-08-18,"['NDAQ', 'SPGI']",0.4296059087774623,0.08730807888285737,0.5189484164252511,0.4722435132691685,0.7748544263183027,1.204460335095765,0.7240132229991261,FLAT
2020-12-23,"['AJG', 'MA']",7.952171621116715,0.22703255094900154,0.22695071162398295,0.7099228544335153,-2.8502740557655466,5.101897565351169,-7.584980097357317,SHORT
2020-12-28,"['AJG', 'MA']",6.688801046088448,0.22703255094900154,0.15896692573909896,0.6935584118954031,-1.502820130208641,5.185980915879807,-3.999215708567675,FLAT
2020-08-07,"['MA', 'V']",4.464657652113327,1.8248199523771258,0.8696134787978422,0.6618921451454556,-1.277510509649368,3.187147142463959,-5.357010823787277,SHORT
2020-11-02,"['MA', 'V']",0.4958562676628966,1.8248199523771258,0.9238776783264625,0.5240484597827205,-1.3172418963098727,-0.8213856286469761,-5.523617256201533,FLAT
2021-01-19,"['MA', 'V']",1.7002922506534754,1.8248199523771258,0.9253307702902575,0.6969891487983746,1.5525305406945078,3.2528227913479832,6.51025791799043,SHORT
2020-11-04,"['ICE', 'V']",1.6263578848943496,0.3332376340808051,0.7832965624188354,0.6770507335862085,-1.3581601268518826,0.26819775804246704,-3.5130983522951595,SHORT
2020-11-09,"['ICE', 'V']",-0.7403685016379213,0.3332376340808051,0.41903909062328176,0.43355752059030117,2.0128606423586897,1.2724921407207683,5.206585929201907,FLAT
2021-02-23,"['ICE', 'V']",4.11944351979682,0.3332376340808051,0.5303662425111979,0.7250323604721018,0.05619933124997534,4.175642851046796,0.14536855714651153,SHORT
2021-03-17,"['ICE', 'V']",3.706290794966748,0.3332376340808051,0.1692378680375515,0.5935602186536284,0.669811945203366,4.376102740170114,1.7325757062945968,FLAT
2021-04-09,"['ICE', 'V']",5.026113487247093,0.3332376340808051,0.49976976483875873,0.6555493122107303,0.5572208879456406,5.583334375192734,1.4413409321946347,SHORT
2020-11-06,"['MLM', 'VMC']",1.8653895279141557,1.9937558356667036,0.950325255364081,0.6651497402324554,-0.06345548836633097,1.8019340395478247,-0.5187044339532747,SHORT
2020-10-22,"['AVB', 'WELL']",-1.6639061500099772,1.554877619297053,0.6837078752975749,0.7347807851842098,-0.11626625557785752,-1.7801724055878347,-0.6892899425388066,LONG
2020-11-16,"['AVB', 'WELL']",-0.6074131374830928,1.554877619297053,0.8850112999050307,0.43592665547605686,-0.15331052269707302,-0.7607236601801658,-0.9089086154468475,FLAT
2020-12-11,"['AVB', 'WELL']",-1.6448766562512345,1.554877619297053,0.8792914729499529,0.7682863967497963,0.00942924924424493,-1.6354474070069895,0.0559017458457447,LONG
2021-01-19,"['AVB', 'WELL']",-0.6630616904159043,1.554877619297053,0.6534342232326843,0.42711835549636085,0.3005831580037438,-0.36247853241216055,1.7820213326625094,FLAT
2020-08-06,"['GOOG', 'GOOGL']",-1.9825777496254866,1.037695891870128,0.9933276409144459,0.6615475051293326,1.4336404495131014,-0.5489373001123852,0.3802043188470776,LONG
2020-08-11,"['GOOG', 'GOOGL']",-0.9449399476767322,1.037695891870128,0.9891594420887995,0.3899306630663824,-0.3976422545621747,-1.342582202238907,-0.10545552240240852,FLAT
2020-11-04,"['GOOG', 'GOOGL']",-2.15786426215179,1.037695891870128,0.9984090254107718,0.6565210500875343,0.5714964151848836,-1.5863678469669065,0.15156199403602955,LONG
2021-01-06,"['GOOG', 'GOOGL']",-0.2887875512166656,1.037695891870128,0.9906969553816756,0.49963723685403943,-2.1281370355859632,-2.416924586802629,-0.564386204576607,FLAT
2021-01-28,"['GOOG', 'GOOGL']",-1.6736016214549394,1.037695891870128,0.9960199268199986,0.6910490797037775,-2.175946343267646,-3.8495479647225856,-0.5770653287376462,LONG
2021-01-07,"['EOG', 'OXY']",1.6047320756730084,0.9888512523525484,0.8572005125916838,0.6832191151099961,-0.8814171762287699,0.7233148994442384,-3.5130226705131022,SHORT
2021-01-29,"['EOG', 'OXY']",0.2897710603718506,0.9888512523525484,0.848515110492343,0.5102599675420477,0.7364086955447482,1.0261797559165988,2.9350692407430756,FLAT
2021-02-22,"['EOG', 'OXY']",1.7730127347837716,0.9888512523525484,0.813861659201106,0.6776757248467545,0.9002734858121118,2.6732862205958834,3.5881773700526765,SHORT
2021-07-15,"['CAT', 'URI']",-1.5592602192649134,0.5223546984353198,0.8275001410078754,0.651083799818253,-0.28173909363451566,-1.840999312899429,-1.8133649595955603,LONG
2022-01-07,"['CAT', 'URI']",-0.2756309997440094,0.5223546984353198,0.7178253127190148,0.6492551308379657,-0.18766328583734432,-0.4632942855813537,-1.2078622897163882,FLAT
2022-01-11,"['CAT', 'URI']",-1.5139145321845662,0.5223546984353198,0.6252700595759841,0.6908385486090244,1.392248100644335,-0.12166643154023116,8.960964160859419,LONG
2022-01-14,"['CAT', 'URI']",0.2635438704088592,0.5223546984353198,0.5574938963498394,0.6082959512941948,-3.195150382660854,-2.931606512251995,-20.56503295233759,FLAT
2021-09-23,"['ACN', 'ADI']",2.3232218738604056,1.8404287140403728,0.27521525529519186,0.7981171534756362,0.16802745194057866,2.4912493258009842,1.8488983643159145,SHORT
2022-01-11,"['ACN', 'ADI']",5.590244499848614,1.8404287140403728,0.15363296003220514,0.4996769810847883,-1.6142459967235525,3.9759985031250618,-17.762435533457733,FLAT
2021-07-08,"['ADI', 'INTU']",-2.0957601961421175,0.27101640029085383,0.3797460266357473,0.6505681728134016,-0.9901783953157959,-3.0859385914579134,-5.89069082670656,LONG
2021-09-08,"['ADI', 'INTU']",-4.765056786024541,0.27101640029085383,0.19915718372315774,0.5294891438501027,1.7944912288625825,-2.9705655571619585,10.675644985260334,FLAT
2021-09-23,"['ADI', 'INTU']",-3.0877012111779374,0.27101640029085383,0.24476619766880897,0.6558259627438493,0.12452397324209752,-2.96317723793584,0.7408081516950631,LONG
2021-11-15,"['ADI', 'INTU']",-4.056758893370223,0.27101640029085383,0.17062399385514623,0.38448303314850035,-1.9036047249360912,-5.960363618306315,-11.324774347636605,FLAT
2021-11-26,"['ADI', 'INTU']",-6.955658696710546,0.27101640029085383,0.25190626118147796,0.6587230128733641,0.4660564364111748,-6.489602260299371,2.7726260113151397,LONG
2021-05-12,"['ISRG', 'UNH']",-2.0191882194744157,0.8783130980331131,0.21967224966821797,0.8229141580779732,0.2124747658100543,-1.8067134536643614,2.8761943525541938,LONG
2021-05-27,"['ISRG', 'UNH']",-1.8999542198899124,0.8783130980331131,0.17811245435195422,0.6853866446579621,1.6185363251193776,-0.2814178947705348,21.909543093102172,FLAT
2021-06-02,"['ISRG', 'UNH']",-1.8076878712495776,0.8783130980331131,0.2022737297814319,0.6938874185175165,1.7404462956366915,-0.06724157561288613,23.559794441233578,LONG
2021-06-03,"['ISRG', 'UNH']",-2.053763683086446,0.8783130980331131,0.1911987344211367,0.7784536238344814,2.315215142114747,0.2614514590283008,31.340233233396475,FLAT
2021-12-14,"['ISRG', 'UNH']",-2.472326221878435,0.8783130980331131,0.46655993739631935,0.7843848430514039,1.1636606155379492,-1.3086656063404858,15.752054498989423,LONG
2021-08-04,"['JNJ', 'LLY']",-1.6713236750461329,0.31297584480706037,0.3442103110225364,0.6653081941080948,0.27466124093894195,-1.396662434107191,1.2780018792723808,LONG
2021-09-27,"['JNJ', 'LLY']",-1.13147439552684,0.31297584480706037,0.8234493981815334,0.4287519305696776,-1.020393246362353,-2.151867641889193,-4.747901385684884,FLAT
2021-09-30,"['JNJ', 'LLY']",-1.74678963077421,0.31297584480706037,0.7062465175827051,0.7367423328482802,-0.6262621799440766,-2.3730518107182865,-2.9140050490912586,LONG
2022-01-27,"['JNJ', 'LLY']",-0.23370565792285922,0.31297584480706037,0.32481120965667964,0.5532278258867425,-0.411362866740524,-0.6450685246633833,-1.9140760995619814,FLAT
2021-06-10,"['MDLZ', 'PEP']",1.7110470639671727,0.4630474891309011,0.8144562236402932,0.6632895204784449,-0.06572906529265543,1.6453179986745172,-0.09038275702797449,SHORT
2021-07-13,"['MDLZ', 'PEP']",-0.0017341103035460302,0.4630474891309011,0.7415626674511162,0.4839629252860653,-0.05908256127358217,-0.0608166715771282,-0.08124327885090565,FLAT
2021-11-15,"['HSY', 'PEP']",-1.8552643642156248,1.5255795919944968,0.5803671143969216,0.6653154766233564,1.0371187106249438,-0.818145653590681,6.146591703942306,LONG
2022-01-24,"['HSY', 'PEP']",-0.7032224996458003,1.5255795919944968,0.8379618406730043,0.446926744663159,1.06944423074061,0.3662217310948097,6.338172254686441,FLAT
2021-05-27,"['PEP', 'PG']",1.5619603388559302,0.6455174115776259,0.7780919506803733,0.6862911942814702,0.6137109373982763,2.1756712762542065,2.0030559536831163,SHORT
2021-06-09,"['AEP', 'SRE']",-1.6864667881427338,1.3160228167009334,0.6567699204129308,0.7922914320494029,0.22637442545630293,-1.4600923626864308,0.6669316789480746,LONG
2021-06-30,"['AEP', 'SRE']",-0.31888864151746693,1.3160228167009334,0.5985962674267332,0.40685758840536296,0.5158892961137257,0.19700065459625876,1.5198842082754709,FLAT
2021-06-25,"['ETR', 'SRE']",-1.6774452824598058,1.013329915530043,0.7038659188058597,0.6785219780597797,0.9638180222865106,-0.7136272601732953,1.8832288546572613,LONG
2021-07-15,"['ETR', 'SRE']",-0.3922044154025414,1.013329915530043,0.7832994245621399,0.4701752799933163,0.192730676972103,-0.19947373843043842,0.37658143307015024,FLAT
2021-09-03,"['ETR', 'SRE']",1.557484901719669,1.013329915530043,0.6248317760469916,0.6506167013673898,-0.1313492959740854,1.4261356057455836,-0.25664677200213504,SHORT
2021-09-23,"['ETR', 'SRE']",0.12908159215533388,1.013329915530043,0.4413743669033755,0.6191155394837433,0.9593083547214327,1.0883899468767666,1.8744172990657617,FLAT
2021-11-12,"['ETR', 'SRE']",1.6884409965662046,1.013329915530043,0.4264575273779494,0.6680215539883106,0.28860790597480124,1.9770489025410058,0.5639184199155665,SHORT
2022-01-06,"['ETR', 'SRE']",0.02429971588587291,1.013329915530043,0.8081441015967198,0.41455548600018055,0.23569472072253586,0.25999443660840876,0.4605299845940394,FLAT
2021-06-15,"['AON', 'GPN']",4.379141074691166,0.8479860107913928,0.20646509815531275,0.7432916167948711,-0.3729558981832195,4.006185176507946,-3.093148119467969,SHORT
2021-07-26,"['AON', 'GPN']",4.664579490648796,0.8479860107913928,0.15779075187386774,0.43479463342784586,3.1816308301502234,7.8462103207990195,26.387182685835455,FLAT
2021-12-29,"['AON', 'GPN']",16.034836890131515,0.8479860107913928,0.38265795135953523,0.6703295229325026,-2.9411083645283362,13.09372852560318,-24.39238486697201,SHORT
2022-01-14,"['AON', 'GPN']",11.246814941851808,0.8479860107913928,0.1841483321838795,0.7752236810133033,0.47700121184725397,11.723816153699062,3.9560586348052595,FLAT
2021-06-10,"['MA', 'V']",-3.9380577697184393,1.9335840043587273,0.7929555546937231,0.6784740686855787,0.9952516459132958,-2.9428061238051435,5.876274909310382,LONG
2021-11-09,"['MA', 'V']",-0.6247191548016315,1.9335840043587273,0.9222413498490046,0.2923345779511125,2.025082246656127,1.4003630918544954,11.95671471047433,FLAT
2022-01-12,"['COF', 'PNC']",-2.2989425448602274,0.899378299222392,0.8337030997453069,0.7467967442758403,-0.36925081227110734,-2.6681933571313348,-1.4430408650698041,LONG
2022-01-25,"['COF', 'PNC']",-0.034171257153547324,0.899378299222392,0.8466978774417029,0.40932526561413773,-0.5039616472493558,-0.5381329044029031,-1.9694939787289343,FLAT
2022-01-31,"['COF', 'PNC']",-1.6738007027151847,0.899378299222392,0.6599072991115048,0.6560827227116168,2.4138419850262274,0.7400412823110427,9.433351289845262,LONG
2022-01-31,"['ARE', 'CCI']",2.44290799491568,0.7677321641494266,0.712010897119823,0.659234626390234,0.009429261290226254,2.4523372562059063,0.048792190170246386,SHORT
2021-05-12,"['GOOG', 'GOOGL']",3.379164536053628,1.0249844601126639,0.9878182579591354,0.6600283673005082,1.689185230633639,5.068349766687267,0.4910197251735582,SHORT
2021-10-25,"['GOOG', 'GOOGL']",-1.054548866518828,1.0249844601126639,0.9930150788406654,0.43357435635495833,-4.416361838121229,-5.4709107046400565,-1.283767307868203,FLAT
2022-02-03,"['GOOG', 'GOOGL']",-7.5587555932231965,1.0249844601126639,0.9968552781324244,0.7329882064948786,1.6106023840477235,-5.948153209175473,0.46817692082373696,LONG
2022-04-29,"['BA', 'UAL']",-3.809686268093529,3.470897057807769,0.5076334253184199,0.6573192893206721,0.1630976997073743,-3.6465885683861545,3.4545847494511435,LONG
2022-08-04,"['BA', 'UAL']",-1.0308119356018834,3.470897057807769,0.6249825966712426,0.43004592274981635,0.03293107734730827,-0.9978808582545752,0.6975156473151856,FLAT
2022-11-03,"['BA', 'UAL']",-1.8713018255328115,3.470897057807769,0.5408121725926739,0.6754849252952433,0.3799116838590717,-1.4913901416737398,8.04693819442329,LONG
2022-04-18,"['ITW', 'MAS']",2.073576143676163,3.3280860226672626,0.798225106773512,0.6853434858415061,-1.1564457608729428,0.9171303828032202,-8.49815378605311,SHORT
2022-04-27,"['ITW', 'MAS']",-0.12442130087146797,3.3280860226672626,0.6750439003770956,0.5202795930615667,1.7490679113359997,1.6246466104645316,12.853043865683816,FLAT
2022-08-03,"['ITW', 'MAS']",2.3240926516064766,3.3280860226672626,0.3715055234886043,0.650215718329693,-0.9128052399591267,1.41128741164735,-6.70775886629761,SHORT
2022-03-15,"['INTU', 'ORCL']",-1.8909474321714417,8.299665275712481,0.7711615889314783,0.7533300691275248,0.5270875190773932,-1.3638599130940485,15.408849794743105,LONG
2022-04-07,"['INTU', 'ORCL']",-0.3913071397526728,8.299665275712481,0.647509680385067,0.5607582684350174,-0.2619025329056485,-0.6532096726583213,-7.656445361236763,FLAT
2022-05-16,"['INTU', 'ORCL']",-1.6860823872361042,8.299665275712481,0.8438716705254015,0.6974896367369483,1.2294511815574214,-0.45663120567868276,35.941713474353946,LONG
2022-05-27,"['INTU', 'ORCL']",-0.42153616767225344,8.299665275712481,0.7873990416843655,0.500673650182482,0.40595324889497525,-0.015582918777278187,11.86761668509962,FLAT
2022-11-10,"['INTU', 'ORCL']",-2.396149627416825,8.299665275712481,0.6002383999894215,0.7248229743214449,-1.8683677967227754,-4.2645174241396,-54.619769391293744,LONG
2022-08-15,"['BDX', 'DVA']",2.4921773958137217,0.17627830258372382,0.24815832201469123,0.6609748242578398,-0.9045410304436416,1.58763636537008,-8.500256017301666,SHORT
2022-09-21,"['BDX', 'DVA']",0.35084798283185104,0.17627830258372382,0.6530357993043535,0.42986319904770276,-0.08478507971807264,0.2660629031137784,-0.7967520099088006,FLAT
2022-04-29,"['CAH', 'DVA']",1.7816387221490855,0.1356392761366505,0.6781920700916864,0.697295564921212,-0.34067385006746664,1.4409648720816188,-1.1257499101771202,SHORT
2022-06-16,"['CAH', 'DVA']",0.5037737412438936,0.1356392761366505,0.21775505385800883,0.41533600453950575,1.069200481330914,1.5729742225748076,3.5331515629427983,FLAT
2022-08-26,"['CAH', 'DVA']",5.4373489765252625,0.1356392761366505,0.30329117503513864,0.6555171570077363,0.1318034502306915,5.569152426755954,0.43554185984292815,SHORT
2022-09-12,"['CAH', 'DVA']",5.569152426755954,0.1356392761366505,0.18877141525483812,0.5548877122016457,-0.47376338497691517,5.095389041779039,-1.5655416110668554,FLAT
2022-04-12,"['CAH', 'CI']",1.9526652851253061,0.13255174148338728,0.6323880032632491,0.7025615985144017,-0.8449923363028957,1.1076729488224104,-2.706281086759361,SHORT
2022-05-05,"['CAH', 'CI']",0.4918225092331619,0.13255174148338728,0.7472908385040798,0.3767867727121638,-0.7733412931516693,-0.28151878391850743,-2.476802244649207,FLAT
2022-08-11,"['CAH', 'CI']",1.6601915308049269,0.13255174148338728,0.2553357440103653,0.7568732359483803,0.6762948048819206,2.3364863356868475,2.165988685215112,SHORT
2022-11-07,"['BDX', 'HSIC']",-1.6326555441678703,0.7287525338100325,0.5333151083335504,0.6744197601759976,0.7576560066735314,-0.8749995374943389,6.6051586031926774,LONG
2022-04-19,"['CAH', 'HUM']",2.419711617014273,0.04668663587764127,0.2501549114198849,0.6799723712655807,-0.700202935543268,1.719508681471005,-2.5163887993432184,SHORT
2022-06-02,"['CAH', 'HUM']",0.42032629431080853,0.04668663587764127,0.5032748512772823,0.45039654547228103,-0.7055356573463032,-0.28520936303549466,-2.5355535310716846,FLAT
2022-08-02,"['CAH', 'HUM']",1.5465942948025793,0.04668663587764127,0.38822135230529975,0.6601213918885633,2.4834601785434227,4.030054473346002,8.925057379333722,SHORT
2022-11-09,"['CAH', 'HUM']",6.04847029119725,0.04668663587764127,0.1988778933862622,0.45113651441432173,-0.2627195298138325,5.785750761383418,-0.9441612547358318,FLAT
2022-06-14,"['BDX', 'MCK']",-1.7848648312189008,0.12909314107476538,0.33186914408515855,0.666238057284676,0.7421204133116737,-1.0427444179072272,6.845928196628137,LONG
2022-08-12,"['BDX', 'MCK']",-0.4089175070886322,0.12909314107476538,0.5499348069456759,0.382996656041683,-0.6785464940341883,-1.0874640011228205,-6.25947015188882,FLAT
2022-09-20,"['BDX', 'MCK']",-1.641606863859136,0.12909314107476538,0.590529433255949,0.7068440285061854,-0.7060192567236252,-2.347626120582761,-6.512901478343792,LONG
2022-11-10,"['BDX', 'MCK']",-3.1686421042797783,0.12909314107476538,0.130538094292838,0.43237437529034733,0.5232219424191036,-2.6454201618606747,4.826628919580941,FLAT
2022-08-18,"['BDX', 'IQV']",1.6841209852891588,0.10681275862257,0.5781683354890795,0.6599705619844672,-0.3756758243277303,1.3084451609614285,-3.3168138539822394,SHORT
2022-09-21,"['BDX', 'IQV']",0.13391158584284948,0.10681275862257,0.8055464161909939,0.4524402805461548,-0.06197198603836325,0.07193959980448623,-0.5471460459790478,FLAT
2022-11-08,"['BDX', 'IQV']",-1.5640780524832751,0.10681275862257,0.6541386362574348,0.7203308052884252,1.2508275131291806,-0.3132505393540945,11.04346288961554,LONG
2022-11-21,"['BDX', 'IQV']",-0.37805024842956464,0.10681275862257,0.5893061222641572,0.46491949747182043,0.8716203570155693,0.49357010858600464,7.695471170484865,FLAT
2022-04-07,"['CAH', 'HOLX']",1.5968450351762136,0.17558712772006418,0.5955584231795544,0.6507436903979386,0.7559154348606838,2.3527604700368974,2.996045389827877,SHORT
2022-06-03,"['CAH', 'HOLX']",0.4855496702957665,0.17558712772006418,0.5150847983562318,0.5362991697445362,-0.3985545247916879,0.08699514550407861,-1.5796574478165653,FLAT
2022-07-26,"['CAH', 'HOLX']",1.771054178774438,0.17558712772006418,0.5860609570928044,0.6605218316983502,0.8742255624851076,2.6452797412595457,3.464963599580308,SHORT
2022-08-12,"['CAH', 'HOLX']",4.351594570598395,0.17558712772006418,0.19809836879939732,0.6097880984231199,-0.17075893040795265,4.180835640190442,-0.6767972747043771,FLAT
2022-08-17,"['CAH', 'HOLX']",4.350918874975057,0.17558712772006418,0.25593726209914286,0.6617017840198299,0.5706128526009593,4.921531727576016,2.2616048403968847,SHORT
2022-11-10,"['CAH', 'HOLX']",6.423388235595824,0.17558712772006418,0.11173592631192329,0.4255670808453668,0.24484532002043835,6.668233555616262,0.9704361869570306,FLAT
2022-07-13,"['BDX', 'LLY']",-1.553924625829408,0.09386325879382475,0.5657635321657182,0.6967356491958444,0.6602953069067777,-0.8936293189226302,5.9416620970794725,LONG
2022-08-04,"['BDX', 'LLY']",0.008126645367226588,0.09386325879382475,0.5244222689195915,0.42036240884190706,0.7944819515565773,0.8026085969238039,7.149139557709901,FLAT
2022-09-23,"['BDX', 'LLY']",-1.5144371767994986,0.09386325879382475,0.574911519901934,0.6999165653094599,-1.0767444460916855,-2.591181622891184,-9.689076382436014,LONG
2022-09-29,"['BDX', 'JNJ']",-1.5258033708983543,0.3523015349041877,0.6554048803398721,0.7636105501444167,0.012224563914023934,-1.5135788069843303,0.10555095272960102,LONG
2022-04-08,"['BDX', 'MRK']",2.048390552330287,0.8775304209264088,0.49989121899007827,0.6692022174411845,-1.3342988836462901,0.7140916686839971,-10.690968482392748,SHORT
2022-04-22,"['BDX', 'MRK']",0.48366190851909124,0.8775304209264088,0.625666262505396,0.39131614814557425,-0.10048892379370006,0.3831729847253912,-0.805159871056901,FLAT
2022-06-21,"['BDX', 'MRK']",-1.539932910420571,0.8775304209264088,0.4998373360566852,0.7099610544947746,0.3963171449819276,-1.1436157654386434,3.175461028982511,LONG
2022-08-04,"['BDX', 'MRK']",0.0452115653620302,0.8775304209264088,0.5383135573872366,0.4733630904651848,0.5802584448372633,0.6254700101992935,4.649276726099629,FLAT
2022-09-23,"['BDX', 'MRK']",-1.653315265262603,0.8775304209264088,0.5448682878949126,0.7041039016603368,-1.1169647762511694,-2.7702800415137725,-8.949595450616954,LONG
2022-11-11,"['BDX', 'CVS']",-1.6040941985875092,0.40944168886068777,0.44001992480989494,0.6502966804637801,0.6701944957200524,-0.9338997028674568,6.100388787271584,LONG
2022-08-19,"['DG', 'WMT']",5.86265153461963,5.99651609566663,0.5971840962776518,0.6568256708554948,-0.3730863378084299,5.4895651968112,-2.793582953207448,SHORT
2022-02-25,"['ETR', 'SRE']",-1.840990702486635,0.9608562999907588,0.6622044599791908,0.6582320290491844,-2.0669443211187426,-3.9079350236053774,-4.001903104665956,LONG
2022-03-29,"['AEP', 'SRE']",-2.4001586770358916,1.2426556179391444,0.6512850259469429,0.6986393896271555,0.18842500377369786,-2.2117336732621937,0.554298533083994,LONG
2022-06-03,"['AEP', 'SRE']",-0.33353416183225076,1.2426556179391444,0.671845812675078,0.4939294887591442,-0.13654002606591542,-0.4700741878981662,-0.4016660986589926,FLAT
2022-07-20,"['AEP', 'SRE']",-1.8962378768237127,1.2426556179391444,0.9272970510733632,0.6510279847227128,-0.1810511160540591,-2.077288992877772,-0.5326064271306308,LONG
2022-05-24,"['DTE', 'PEG']",1.9901013364155435,1.9830143148434445,0.7298743127804763,0.7556387597420604,-0.2049860628113409,1.7851152736042026,-0.5919274125667471,SHORT
2022-09-29,"['D', 'WEC']",-1.7730119083389353,0.461966871322899,0.9365373532347135,0.659502533683318,-1.164760881173119,-2.9377727895120542,-2.1773275054722916,LONG
2022-03-29,"['AEP', 'ETR']",2.5646510665606534,1.2763732086648436,0.5628698415749647,0.7174119463855897,-0.3544043477469305,2.210246718813723,-0.707791140924968,SHORT
2022-10-06,"['AEP', 'ETR']",0.3001523432964544,1.2763732086648436,0.9193088791762456,0.46475693862478273,0.516120706969093,0.8162730502655473,1.0307595444667328,FLAT
2022-11-07,"['D', 'XEL']",-4.714048750483932,0.6323920980144082,0.8360242159876686,0.6568204606561939,-2.2733309570526403,-6.987379707536572,-4.7924675886070816,LONG
2022-09-29,"['CMS', 'D']",1.6056577959805018,1.0647999573519984,0.9374105018009548,0.6563078648849979,0.3595901765784719,1.9652479725589738,0.7404440372637566,SHORT
2022-07-25,"['DHI', 'WHR']",1.6575516242061081,0.5856360143246515,0.7276644474851134,0.6680514087126036,0.3504385895700335,2.0079902137761416,1.9707541176793058,SHORT
2022-05-09,"['LEN', 'WHR']",-1.5371896627032116,0.569124523573316,0.7292949727483361,0.6841828208168371,0.9902822868277165,-0.5469073758754951,5.151158552975133,LONG
2022-05-20,"['LEN', 'WHR']",-0.48978990690404584,0.569124523573316,0.8029927538847866,0.4097321431606717,0.9901662249941605,0.5003763180901146,5.150554833293839,FLAT
2022-03-01,"['MLM', 'VMC']",1.5773198448695414,2.4605686111687275,0.935982957817966,0.6598973106792052,-0.2843536888957052,1.2929661559738361,-2.995987660720175,SHORT
2022-05-04,"['MLM', 'VMC']",0.25081466260524193,2.4605686111687275,0.9682262868213176,0.4627837762108938,0.6687123104486716,0.9195269730539135,7.04564037293261,FLAT
2022-06-03,"['MLM', 'VMC']",1.6648265014178563,2.4605686111687275,0.9496407291700889,0.8314715985759978,0.9241457579052952,2.5889722593231514,9.736920586975998,SHORT
2022-08-18,"['MLM', 'VMC']",0.9193456147069452,2.4605686111687275,0.8237049521269018,0.4038011445719988,0.37591606062801564,1.2952616753349608,3.9607007859889336,FLAT
2022-08-29,"['MLM', 'VMC']",1.6250345405711937,2.4605686111687275,0.8734788489664824,0.6715858914876813,-0.02676994991780668,1.598264590653387,-0.2820516939425488,SHORT
2022-11-02,"['MLM', 'VMC']",0.21561107088843737,2.4605686111687275,0.9628956162497858,0.4836851728967375,-0.1811077904583517,0.03450328043008566,-1.9081753698385455,FLAT
2022-03-21,"['IFF', 'NUE']",-3.770217854841668,0.3655210656405018,0.3939310821860468,0.6840126499298674,0.28141583089562294,-3.488802023946045,2.036983582357294,LONG
2022-04-08,"['IFF', 'NUE']",-4.359927404422055,0.3655210656405018,0.1937948957930478,0.4734454462000248,-0.5192014315039328,-4.879128835925988,-3.7581567054846374,FLAT
2022-05-09,"['IFF', 'NUE']",-3.9652014870852827,0.3655210656405018,0.345316206793549,0.660638424932273,1.36607434896219,-2.5991271381230927,9.888111170787326,LONG
2022-08-01,"['IFF', 'NUE']",-3.418647422606645,0.3655210656405018,0.17076984586637448,0.37474070664849635,-0.4082867414442841,-3.826934164050929,-2.955318421743769,FLAT
2023-02-16,"['UNP', 'UPS']",-1.6694977091176948,0.8056876781844036,0.6880509091779594,0.6584509047127584,0.8299100992888756,-0.8395876098288192,8.301437825887717,LONG
2023-02-27,"['UNP', 'UPS']",-0.34000778808691307,0.8056876781844036,0.5397789946986216,0.6058496005354259,-1.5929428829472785,-1.9329506710341915,-15.933914184570312,FLAT
2023-03-24,"['UNP', 'UPS']",-2.8121022061886602,0.8056876781844036,0.5070389871814622,0.6814408983413192,0.6318560642050919,-2.1802461419835684,6.320339801146218,LONG
2023-05-15,"['UNP', 'UPS']",-0.7003842076295315,0.8056876781844036,0.6491043786107031,0.3827896971580154,-0.44802433801211894,-1.1484085456416504,-4.481504912012781,FLAT
2023-01-11,"['ADI', 'KLAC']",-1.5258112915754094,0.2684296432729687,0.8760233839024344,0.6870146002928119,-0.2520904701700928,-1.7779017617455022,-1.60254636150421,LONG
2023-01-30,"['ADI', 'KLAC']",-0.36519278282288115,0.2684296432729687,0.7841373023650354,0.6629738534648437,1.0465855214269615,0.6813927386040803,6.653174228419289,FLAT
2023-04-17,"['ADI', 'KLAC']",3.427011375489908,0.2684296432729687,0.8634698527003077,0.6988865585565853,-1.5574915948137145,1.8695197806761934,-9.901018815419775,SHORT
2023-04-27,"['ADI', 'KLAC']",1.1250774477795276,0.2684296432729687,0.5147049921243542,0.4428325292780644,0.36613111182357616,1.4912085596031037,2.3275059969163863,FLAT
2023-06-06,"['ADI', 'KLAC']",-1.89589364576258,0.2684296432729687,0.3797845189271698,0.6745152503079427,1.3109070884734717,-0.5849865572891082,8.333474024169874,LONG
2023-06-16,"['ADI', 'KLAC']",-0.49491031364144833,0.2684296432729687,0.49454622105021956,0.5800975884196943,0.07563196268139932,-0.419278350960049,0.48079455969406126,FLAT
2023-08-08,"['ADI', 'KLAC']",-2.1490309440209665,0.2684296432729687,0.8084847277340073,0.6604677593896775,-1.0584715979268715,-3.207502541947838,-6.728734358219668,LONG
2023-05-24,"['ADI', 'ORCL']",-2.036372686516836,1.785685177639825,0.39593115368578014,0.727914282237909,-0.716827427927444,-2.75320011444428,-6.899522354802883,LONG
2023-06-06,"['ADI', 'ORCL']",-3.0533607506918647,1.785685177639825,0.19715841654915364,0.48084791858513015,-1.9448524746549412,-4.998213225346806,-18.71936341006426,FLAT
2023-04-25,"['BDX', 'INCY']",1.894041384569553,0.013596796388307374,0.3751861016948038,0.685728450557733,-0.825760919021161,1.068280465548392,-8.268055953658916,SHORT
2023-05-25,"['BDX', 'INCY']",0.4856695227481358,0.013596796388307374,0.33914982686511586,0.4961269415886139,0.7926902066883035,1.2783597294364393,7.936930450263162,FLAT
2023-02-02,"['IQV', 'LH']",1.7323322880007148,1.0614713697454805,0.5827297450420775,0.6824524415390749,-1.815876229434444,-0.08354394143372912,-17.614122692191643,SHORT
2023-02-16,"['IQV', 'LH']",-0.08354394143372922,1.0614713697454805,0.4557710384267986,0.49008664681482955,1.1216283050061204,1.0380843635723913,10.87987069777654,FLAT
2023-05-03,"['BDX', 'IDXX']",2.0079472804791973,0.020488886223528197,0.32627815793661236,0.6508743685223228,-0.9751587808529747,1.0327884996262227,-9.338050673704913,SHORT
2023-05-25,"['BDX', 'IDXX']",0.35651855281158173,0.020488886223528197,0.4893966000628711,0.5768343675878489,0.8416273740627715,1.1981459268743533,8.059363481812596,FLAT
2023-01-20,"['BDX', 'DVA']",1.5298550304100376,0.16074701707386746,0.6895624902118351,0.6532975953164495,-0.7273707646105249,0.8024842657995127,-6.732760250485228,SHORT
2023-02-21,"['BDX', 'DVA']",0.3364874498524252,0.16074701707386746,0.5670070997028205,0.48921724739130895,-0.19586118842196504,0.14062626143046014,-1.8129494450141976,FLAT
2023-07-27,"['BDX', 'MCK']",2.779058562222202,0.0545711446700152,0.2753468571897567,0.6687738755704568,-0.6917556456078002,2.087302916614402,-6.281009549983139,SHORT
2023-08-03,"['BDX', 'MCK']",1.3795272832571457,0.0545711446700152,-0.12280566729712741,0.4870043534522487,0.6700111468301526,2.0495384300872983,6.083573641293157,FLAT
2023-01-20,"['AEP', 'SRE']",-1.502153366454195,0.8944863236357414,0.6965947423203718,0.7190861163726088,0.33592237358436483,-1.1662309928698302,0.7899503173091205,LONG
2023-03-13,"['AEP', 'SRE']",0.16436317089318975,0.8944863236357414,0.842153324722301,0.5473596591646238,-0.5766762437165229,-0.4123130728233332,-1.3561037237494133,FLAT
2023-05-25,"['AEP', 'SRE']",-2.2978662316471503,0.8944863236357414,0.7674109197909098,0.7076285311055679,-0.26010684637995496,-2.5579730780271053,-0.6116635925130396,LONG
2023-03-29,"['DTE', 'PEG']",-2.0452640030031093,2.0974667912125877,0.8836888243346535,0.6811188072254815,0.18836903673616012,-1.8568949662669492,0.6620039940144693,LONG
2023-08-07,"['MCO', 'SPGI']",1.5936031132383133,0.8299436730225883,0.7616378602213195,0.6553148693039198,-0.7912387882021067,0.8023643250362066,-6.8425722470103665,SHORT
2023-08-28,"['MCO', 'SPGI']",0.7229703503182106,0.8299436730225883,0.7054117389241323,0.4425796411771483,0.8033785247201652,1.5263488750383758,6.947555755684448,FLAT
2023-01-10,"['BKNG', 'WHR']",1.5892307105611347,0.290593434520577,0.5285284866066867,0.7000970822900466,1.1512076533321405,2.740438363893275,7.305107350689951,SHORT
2023-06-12,"['BKNG', 'WHR']",4.21213579914077,0.290593434520577,0.194803488624514,0.524680011361126,0.4477237746444622,4.659859573785233,2.8410775656042944,FLAT
2023-07-06,"['MLM', 'VMC']",-2.0799385591363384,2.5536408313227072,0.9181837883264226,0.6818804869901909,0.6846572550246808,-1.3952813041116576,7.923955248475977,LONG
2023-03-17,"['FRT', 'SPG']",-1.511128182568982,0.578263024420558,0.871240208604159,0.6901161239721081,0.5319187062041311,-0.9792094763648509,2.3209266119755227,LONG
2023-04-13,"['FRT', 'SPG']",-0.9825709560127175,0.578263024420558,0.9174147414293436,0.40764272796983797,-0.26016398622877157,-1.242734942241489,-1.135176319375887,FLAT
2023-05-02,"['FRT', 'SPG']",-1.5173676192408856,0.578263024420558,0.8794723143626624,0.652913693187795,-0.6302997426566253,-2.147667361897511,-2.7501936464924484,LONG
2023-08-11,"['FRT', 'SPG']",-1.0655649141581454,0.578263024420558,0.17098279503728378,0.4844773374533063,-0.010393284150683302,-1.0759581983088287,-0.04534912852244588,FLAT
2023-08-18,"['FRT', 'SPG']",-1.8679296238866672,0.578263024420558,0.300996255122525,0.6500777671605404,0.4131039660171101,-1.454825657869557,1.8025009781735264,LONG
2023-08-22,"['FRT', 'SPG']",-1.381836900005537,0.578263024420558,0.1502960117297576,0.6714574966609825,-0.3364557412942788,-1.7182926412998158,-1.4680609548297525,FLAT
2024-04-11,"['AME', 'ITW']",2.8300045867322168,0.7743468466774122,0.6259334414434422,0.6854350907639661,0.8655583509031319,3.6955629376353487,4.485249801336465,SHORT
2024-05-29,"['BDX', 'REGN']",-2.2643186430957503,0.03664340328466709,0.39402015748813396,0.6875067429436456,0.513837941363769,-1.7504807017319812,5.207207769362469,LONG
2024-06-14,"['BDX', 'REGN']",-1.801711818294074,0.03664340328466709,0.06328932569868989,0.5967650049000709,-0.4071881024590267,-2.2088999207531006,-4.126423683484944,FLAT
2023-11-17,"['BDX', 'CAH']",-2.6232644664938705,0.43855614098906126,0.21835387982999022,0.6553445604489508,0.16186951077465528,-2.461394955719215,1.5022325644008845,LONG
2023-11-24,"['BDX', 'CAH']",-2.300770271803862,0.43855614098906126,0.1974131550162811,0.5681723509545865,-0.48060857376966215,-2.781378845573524,-4.460295498465769,FLAT
2023-12-22,"['BDX', 'CAH']",-1.6643869028915979,0.43855614098906126,0.5431968108433457,0.662703135294127,-0.5344185463667013,-2.198805449258299,-4.959679803378663,LONG
2024-01-30,"['BDX', 'CAH']",-2.499508988253288,0.43855614098906126,0.19974273741186635,0.6352965349719153,0.3551056966509858,-2.1444032916023024,3.295564055024613,FLAT
2024-05-03,"['BDX', 'CAH']",-2.1942199239913336,0.43855614098906126,0.21548816549300204,0.6687711591418898,0.12397781917864448,-2.070242104812689,1.1505781190186042,LONG
2023-10-10,"['BDX', 'HCA']",1.5588421231876228,0.10649058933848435,0.5929156670914689,0.6838336815999765,-0.3858865602279411,1.1729555629596817,-3.6075404725235956,SHORT
2023-10-19,"['BDX', 'HCA']",0.878697151009934,0.10649058933848435,0.7486401702710421,0.3929034784516608,0.0553223040863392,0.9340194550962732,0.5171920237565075,FLAT
2024-02-05,"['BDX', 'HCA']",-1.591312813883472,0.10649058933848435,0.4817414772415071,0.6993288034156673,0.47243294930908575,-1.1188798645743863,4.416637325175259,LONG
2024-03-27,"['BDX', 'HCA']",-0.8330227198840452,0.10649058933848435,0.4909365066431617,0.4463798571610165,-0.4282056096628202,-1.2612283295468654,-4.003168875608878,FLAT
2024-04-12,"['BDX', 'HCA']",-1.6507869083174729,0.10649058933848435,0.5180073833446293,0.6755629556135199,-0.11126296187764706,-1.76204987019512,-1.0401648552604854,LONG
2024-05-29,"['BDX', 'HCA']",-2.492303983474551,0.10649058933848435,0.17193309389769018,0.6465006321042438,0.6191852736234462,-1.8731187098511046,5.788581839356425,FLAT
2024-05-30,"['BDX', 'HCA']",-2.4661314105902092,0.10649058933848435,0.22051215996709592,0.7492571378332716,0.4282355724400424,-2.037895838150167,4.003448988840688,LONG
2024-06-03,"['BDX', 'HCA']",-1.465335090425417,0.10649058933848435,0.14545738864634947,0.6405993323589246,-0.45567549028693666,-1.9210105807123536,-4.259976746990446,FLAT
2023-11-10,"['BDX', 'LLY']",-2.7017370715258044,0.05977996576856592,0.3735595511729956,0.696410846757,0.3839993913910269,-2.3177376801347775,3.4513799155482445,LONG
2023-12-26,"['BDX', 'LLY']",-1.7284086207290261,0.05977996576856592,0.1760078812474833,0.6888134584523249,-0.7988112920311499,-2.527219912760176,-7.1797021334911335,FLAT
2024-02-29,"['BDX', 'MRK']",-2.0933292022934693,0.4010513946007549,0.38609802879366206,0.7186589313932727,0.43593215971703647,-1.6573970425764328,4.134384534406422,LONG
2024-03-20,"['BDX', 'MRK']",-1.7340427495660895,0.4010513946007549,0.159740018689512,0.6814530166742196,0.261333655413976,-1.4727090941521135,2.478490744901137,FLAT
2024-04-02,"['BDX', 'MRK']",-1.7409010534821208,0.4010513946007549,0.34319777861951034,0.6815693029608093,-0.5871426469703265,-2.3280437004524472,-5.5684661592763405,LONG
2024-04-30,"['BDX', 'MRK']",-2.2071429012615056,0.4010513946007549,0.1918922819475746,0.7211096599566013,0.054029901949963044,-2.1531129993115425,0.5124200773863947,FLAT
2024-05-03,"['BDX', 'MRK']",-2.133009096412526,0.4010513946007549,0.20363927132723575,0.7127101221452736,-0.016884138374586133,-2.149893234787112,-0.16012932062176333,LONG
2024-05-09,"['BDX', 'MRK']",-2.215332862129732,0.4010513946007549,0.10579308088576626,0.5830874580309852,-0.40421615770010133,-2.6195490198298335,-3.833589685232795,FLAT
2024-04-22,"['BDX', 'VRTX']",-1.9263798528336946,0.10943420036497728,0.5000066368644122,0.6898903184591325,0.18040693290922882,-1.7459729199244658,1.7559455342695571,LONG
2024-05-08,"['BDX', 'VRTX']",-2.1621466303257404,0.10943420036497728,0.15141366647507457,0.6712233576067765,-0.2553208604251327,-2.417467490750873,-2.4851014173327144,FLAT
2024-05-17,"['BDX', 'VRTX']",-2.2478899499725387,0.10943420036497728,0.2091568115297771,0.6763335312193895,-0.08374615667704077,-2.3316361066495794,-0.8151221655282939,LONG
2024-05-20,"['BDX', 'VRTX']",-2.1909393690069066,0.10943420036497728,0.17130633457932393,0.611345903020739,-0.22069948406263684,-2.4116388530695434,-2.1481229529597385,FLAT
2024-06-03,"['BDX', 'VRTX']",-2.3316361066495794,0.10943420036497728,0.327609550054176,0.6649048027358174,-0.44025705148414973,-2.771893158133729,-4.285131347326001,LONG
2024-04-30,"['BDX', 'CI']",-1.6886657317098177,0.11382693169480247,0.21608389013145157,0.6614953858033523,0.14698520317727737,-1.5416805285325403,1.4657386199578184,LONG
2024-05-02,"['BDX', 'CI']",-1.1155628055759412,0.11382693169480247,-0.13015438347409464,0.7108265949840975,-0.22479171679916043,-1.3403545223751017,-2.241626324533911,FLAT
2023-10-09,"['KMB', 'MNST']",-1.5055079115618544,0.35808391209879287,0.40397649626816107,0.6581838679607643,0.4912375048289628,-1.0142704067328916,2.701210449021275,LONG
2023-10-20,"['KMB', 'MNST']",-0.7823826188306094,0.35808391209879287,0.3465700374424452,0.3938478910690452,-0.973438448530573,-1.7558210673611825,-5.352730772389535,FLAT
2023-10-27,"['KMB', 'MNST']",-1.8043868858321397,0.35808391209879287,0.22121386003659307,0.6641005179593429,0.30588139008571735,-1.4985054957464223,1.6819766384660966,LONG
2023-11-03,"['KMB', 'MNST']",-1.7558210673611825,0.35808391209879287,0.18038991576181249,0.6505539262402233,0.348580398190802,-1.4072406691703805,1.9167693929331193,FLAT
2023-12-15,"['KMB', 'MNST']",-1.5253439357374001,0.35808391209879287,0.28126819088300326,0.7005128041460464,0.25822218598529334,-1.2671217497521068,1.4199088223026592,LONG
2024-01-18,"['KMB', 'MNST']",-1.0666511193276444,0.35808391209879287,0.7421789838291144,0.36615452403494486,0.15023734855723792,-0.9164137707704065,0.8261231924817309,FLAT
2024-04-29,"['KMB', 'MNST']",1.5059286034183839,0.35808391209879287,0.3142513699649605,0.6703768496964895,0.02210719776709169,1.5280358011854756,0.12156277364823609,SHORT
2024-05-13,"['KMB', 'MNST']",1.5280358011854756,0.35808391209879287,0.19526468393528926,0.8099869232614071,-1.00053033940249,0.5275054617829855,-5.501703312123539,FLAT
2024-06-04,"['KMB', 'MNST']",1.8777307576778555,0.35808391209879287,0.3033435455459376,0.663388933546868,1.179119562825681,3.0568503205035364,6.483727428057605,SHORT
2024-06-11,"['KMB', 'MNST']",1.857177852674318,0.35808391209879287,0.1869195681395277,0.600234838485125,0.6427217754831598,2.4998996281574777,3.5341902006303343,FLAT
2024-02-02,"['WEC', 'XEL']",-1.9409209682295432,1.1535777808811156,0.9010858699929023,0.7196988300387958,-0.036699787868718525,-1.9776207560982617,-0.07498902287655085,LONG
2024-03-18,"['WEC', 'XEL']",2.7505387210488172,1.1535777808811156,0.19601439438022913,0.6626380525122545,-0.6805099679442006,2.0700287531046166,-1.3904924392597025,FLAT
2024-03-27,"['WEC', 'XEL']",2.1157200599355526,1.1535777808811156,0.2246736469645516,0.7523364309894433,-0.8751898478190487,1.2405302121165038,-1.788283674940999,SHORT
2024-04-09,"['WEC', 'XEL']",1.9259637979947757,1.1535777808811156,0.18190394515099256,0.9329341123338173,-0.45259992561442774,1.473363872380348,-0.9248016990516277,FLAT
2023-11-01,"['AEP', 'ETR']",-1.7758693943545538,1.5380621609440954,0.748082101538268,0.6797663881520826,-0.1463047642545554,-1.9221741586091092,-0.3909710360500185,LONG
2023-11-09,"['AEP', 'ETR']",-0.9698116072702198,1.5380621609440954,0.6748300247761274,0.40744918958247583,-1.0160181452254213,-1.9858297524956412,-2.7151109460335476,FLAT
2023-11-17,"['AEP', 'ETR']",-1.8367831653160378,1.5380621609440954,0.6496296542463346,0.6554626969997597,0.33538073426176385,-1.501402431054274,0.8962398033559253,LONG
2023-12-14,"['AEP', 'ETR']",-0.9005812252628125,1.5380621609440954,0.7536878211783704,0.36379152338613074,-0.17163429943179032,-1.0722155246946028,-0.45865929392300586,FLAT
2023-10-03,"['AEE', 'EXC']",-2.654316534910014,0.9586085692811117,0.9042447985927311,0.6778090061953099,0.9172634565459987,-1.7370530783640155,2.7691008683628837,LONG
2023-12-14,"['AEE', 'DTE']",-2.2641171912650107,0.5241720234538123,0.6205827632330279,0.7674992670159868,-0.6894699111801801,-2.9535871024451907,-1.9417035268076432,LONG
2023-10-03,"['MA', 'V']",1.5209767022325489,1.7804022324060427,0.864377670462811,0.6557120247057193,-1.0401401388056553,0.4808365634268936,-10.535184325986165,SHORT
2023-10-13,"['MA', 'V']",0.7258778831153085,1.7804022324060427,0.8271166865137041,0.4026951402209004,-1.8540095326336057,-1.1281316495182971,-18.77855823433424,FLAT
2024-04-03,"['MA', 'V']",1.5545803353018866,1.7804022324060427,0.892054849861589,0.7611430839440861,-0.8802485818495723,0.6743317534523142,-8.915703486956659,SHORT
2024-04-12,"['MA', 'V']",0.6173837913067697,1.7804022324060427,0.8282239573304954,0.43439175339061165,-0.0394398694098228,0.5779439218969469,-0.39947145439691667,FLAT
2023-10-13,"['MCD', 'ORLY']",-4.116179773387642,2.793165694675487,0.47856469675194097,0.660674699852139,0.7958939623911596,-3.320285810996482,7.380138652388354,LONG
2023-10-26,"['MCD', 'ORLY']",-3.2545239068269174,2.793165694675487,0.13821687941154398,0.8061121782841757,-0.007659921983328211,-3.2621838288102456,-0.07102866584588696,FLAT
2024-01-30,"['MCD', 'ORLY']",-1.5259015533971048,2.793165694675487,0.22585332201242106,0.7880255593085569,-0.7341440408962931,-2.260045594293398,-6.807546066012833,LONG
2024-02-05,"['MCD', 'ORLY']",-2.7052157346460204,2.793165694675487,0.17198972591093753,0.6077011773870631,1.0849170659580927,-1.6202986686879277,10.060182325114738,FLAT
2024-04-18,"['MCD', 'ORLY']",-4.993740607664218,2.793165694675487,0.20227387234267077,0.7058758178977981,2.1409975404422736,-2.8527430672219447,19.852969678793386,LONG
2024-04-19,"['MCD', 'ORLY']",-4.686589350530263,2.793165694675487,0.19146439517816857,0.6929805646977649,1.3943147025861231,-3.29227464794414,12.92915427984093,FLAT
2023-10-27,"['LKQ', 'YUM']",-1.5659071665073834,0.5864956209876351,0.3243036255450857,0.6783478570463864,-0.7400026741336652,-2.3059098406410485,-2.4547012161106494,LONG
2024-04-23,"['LKQ', 'YUM']",-5.663397099480257,0.5864956209876351,-0.014434533795663833,0.49380634668053014,1.5002941475575362,-4.1631029519227205,4.976703459679612,FLAT
2023-10-20,"['MGM', 'RL']",-1.7611319635779272,0.49257953533710397,0.4584259644839174,0.703117194033618,0.8287803472695601,-0.9323516163083672,3.204299133238095,LONG
2023-11-02,"['MGM', 'RL']",-1.1010133899247438,0.49257953533710397,0.4908656903542533,0.37511279299895856,0.019943124216585506,-1.0810702657081583,0.07710575649120699,FLAT
2024-02-08,"['MGM', 'RL']",-5.861424718779362,0.49257953533710397,0.6229256392571958,0.6595599391499237,-3.043160186063999,-8.904584904843361,-11.765717633912459,LONG
2024-03-27,"['MGM', 'RL']",-7.720181848950552,0.49257953533710397,0.16984375566914825,0.422333755461353,2.1755086244755972,-5.544673224474955,8.411131396545834,FLAT
2024-04-01,"['MGM', 'RL']",-7.182014344673812,0.49257953533710397,0.32138531229851275,0.6703970720779624,1.7559106133676616,-5.42610373130615,6.788846857908865,LONG
2024-05-30,"['MGM', 'RL']",-9.676105762547115,0.49257953533710397,0.18540706741965227,0.6266103344543755,0.410721053966963,-9.265384708580152,1.5879637126589898,FLAT
2023-11-29,"['MLM', 'VMC']",1.6676399702670066,2.3957638420281544,0.9066069311072187,0.6547846264139617,-0.0364401640252634,1.6311998062417432,-0.3989641209508932,SHORT
2024-02-16,"['MLM', 'VMC']",-0.448793551594121,2.3957638420281544,0.7914143037256367,0.43227221802253735,2.8318479295999417,2.383054378005821,31.004408188617617,FLAT
2024-05-01,"['MLM', 'VMC']",3.1368095108380185,2.3957638420281544,0.9091050607378888,0.6536588551362195,-0.35144193340133123,2.7853675774366873,-3.8477522199827945,SHORT
2023-10-06,"['HST', 'KIM']",1.698963147666177,0.5429944960999469,0.5360440147498183,0.6748242673750653,-0.8133478939221995,0.8856152537439775,-0.6604028355356704,SHORT
2023-10-27,"['HST', 'KIM']",0.3137277697854807,0.5429944960999469,0.49140476073770567,0.4773022456997372,0.8451060403398203,1.158833810125301,0.6861890582606289,FLAT
2023-11-20,"['HST', 'KIM']",1.7908321944323,0.5429944960999469,0.5656683547943018,0.6792207886820697,-0.8381386180284465,0.9526935764038535,-0.6805318167712375,SHORT
2023-12-06,"['HST', 'KIM']",0.8637213393651316,0.5429944960999469,0.5611876725704122,0.44606568669139135,0.6976546835380572,1.5613760229031888,0.5664650202897619,FLAT
2024-07-01,"['HST', 'KIM']",2.016146622084414,0.5429944960999469,0.3091749892971114,0.670120363914889,-0.14633767362292183,1.8698089484614924,-0.11881977604962657,SHORT
